Date,Adj Close,Close,High,Low,Open,Volume
2012-01-02,702.5330810546875,1410.0,1420.0,1400.0,1410.0,15267500
2012-01-03,702.5330810546875,1410.0,1420.0,1400.0,1410.0,64482500
2012-01-04,707.515380859375,1420.0,1430.0,1400.0,1420.0,73910000
2012-01-05,702.5330810546875,1410.0,1430.0,1400.0,1410.0,65095000
2012-01-06,692.5679931640625,1390.0,1400.0,1370.0,1390.0,136315000
2012-01-09,702.5330810546875,1410.0,1410.0,1380.0,1410.0,82305000
2012-01-10,707.515380859375,1420.0,1420.0,1400.0,1420.0,100222500
2012-01-11,697.5504150390625,1400.0,1420.0,1390.0,1400.0,82470000
2012-01-12,697.5504150390625,1400.0,1400.0,1380.0,1400.0,43985000
2012-01-13,692.5679931640625,1390.0,1400.0,1380.0,1390.0,15
2012-01-16,697.5504150390625,1400.0,1400.0,1380.0,1400.0,56037500
2012-01-17,697.5504150390625,1400.0,1400.0,1390.0,1400.0,74382500
2012-01-18,697.5504150390625,1400.0,1400.0,1380.0,1400.0,71217500
2012-01-19,687.5853271484375,1380.0,1400.0,1370.0,1380.0,220512500
2012-01-20,687.5853271484375,1380.0,1390.0,1370.0,1380.0,109682500
2012-01-24,692.5679931640625,1390.0,1390.0,1380.0,1390.0,42942500
2012-01-25,687.5853271484375,1380.0,1390.0,1370.0,1380.0,57047500
2012-01-26,697.5504150390625,1400.0,1400.0,1380.0,1400.0,63132500
2012-01-27,697.5504150390625,1400.0,1400.0,1380.0,1400.0,28427500
2012-01-30,687.5853271484375,1380.0,1410.0,1370.0,1380.0,132527500
2012-01-31,682.6029663085938,1370.0,1390.0,1360.0,1370.0,94415000
2012-02-01,672.637939453125,1350.0,1370.0,1340.0,1350.0,145167500
2012-02-02,687.5853271484375,1380.0,1380.0,1350.0,1380.0,122345000
2012-02-03,687.5853271484375,1380.0,1390.0,1360.0,1380.0,77127500
2012-02-06,677.6204223632812,1360.0,1390.0,1360.0,1360.0,90827500
2012-02-07,682.6029663085938,1370.0,1380.0,1350.0,1370.0,129415000
2012-02-08,687.5853271484375,1380.0,1390.0,1360.0,1380.0,85507500
2012-02-09,677.6204223632812,1360.0,1380.0,1350.0,1360.0,150692500
2012-02-10,672.637939453125,1350.0,1370.0,1330.0,1350.0,118210000
2012-02-13,682.6029663085938,1370.0,1370.0,1340.0,1370.0,68445000
2012-02-14,687.5853271484375,1380.0,1380.0,1350.0,1380.0,104205000
2012-02-15,677.6204223632812,1360.0,1390.0,1350.0,1360.0,103975000
2012-02-16,682.6029663085938,1370.0,1370.0,1350.0,1370.0,40842500
2012-02-17,692.5679931640625,1390.0,1400.0,1370.0,1390.0,97060000
2012-02-20,697.5504150390625,1400.0,1410.0,1390.0,1400.0,59212500
2012-02-21,702.5330810546875,1410.0,1420.0,1390.0,1410.0,74907500
2012-02-22,702.5330810546875,1410.0,1410.0,1400.0,1410.0,45770000
2012-02-23,697.5504150390625,1400.0,1410.0,1400.0,1400.0,49932500
2012-02-24,687.5853271484375,1380.0,1410.0,1370.0,1380.0,101375000
2012-02-27,682.6029663085938,1370.0,1390.0,1370.0,1370.0,38507500
2012-02-28,692.5679931640625,1390.0,1400.0,1380.0,1390.0,32827500
2012-02-29,702.5330810546875,1410.0,1410.0,1400.0,1410.0,109472500
2012-03-01,697.5504150390625,1400.0,1410.0,1380.0,1400.0,56207500
2012-03-02,712.4979248046875,1430.0,1430.0,1390.0,1430.0,107120000
2012-03-05,712.4979248046875,1430.0,1430.0,1410.0,1430.0,43917500
2012-03-06,707.515380859375,1420.0,1420.0,1400.0,1420.0,68977500
2012-03-07,697.5504150390625,1400.0,1410.0,1380.0,1400.0,84565000
2012-03-08,692.5679931640625,1390.0,1410.0,1380.0,1390.0,62115000
2012-03-09,697.5504150390625,1400.0,1410.0,1380.0,1400.0,10
2012-03-12,677.6204223632812,1360.0,1390.0,1350.0,1360.0,105605000
2012-03-13,682.6029663085938,1370.0,1380.0,1340.0,1370.0,143502500
2012-03-14,687.5853271484375,1380.0,1390.0,1360.0,1380.0,128567500
2012-03-15,677.6204223632812,1360.0,1380.0,1350.0,1360.0,82217500
2012-03-16,672.637939453125,1350.0,1370.0,1350.0,1350.0,54997500
2012-03-19,677.6204223632812,1360.0,1370.0,1350.0,1360.0,72287500
2012-03-20,692.5679931640625,1390.0,1390.0,1360.0,1390.0,78645000
2012-03-21,697.5504150390625,1400.0,1400.0,1380.0,1400.0,87135000
2012-03-22,692.5679931640625,1390.0,1400.0,1380.0,1390.0,51082500
2012-03-26,702.5330810546875,1410.0,1410.0,1400.0,1410.0,107672500
2012-03-27,702.5330810546875,1410.0,1420.0,1410.0,1410.0,46832500
2012-03-28,697.5504150390625,1400.0,1410.0,1390.0,1400.0,61962500
2012-03-29,702.5330810546875,1410.0,1420.0,1390.0,1410.0,80780000
2012-03-30,697.5504150390625,1400.0,1430.0,1390.0,1400.0,91352500
2012-04-02,702.5330810546875,1410.0,1420.0,1410.0,1410.0,108317500
2012-04-03,702.5330810546875,1410.0,1410.0,1410.0,1410.0,0
2012-04-04,727.4453735351562,1460.0,1480.0,1430.0,1460.0,143855000
2012-04-05,752.3580322265625,1510.0,1520.0,1460.0,1510.0,172987500
2012-04-09,752.3580322265625,1510.0,1530.0,1500.0,1510.0,59612500
2012-04-10,757.3406372070312,1520.0,1540.0,1520.0,1520.0,86227500
2012-04-11,747.3754272460938,1500.0,1520.0,1490.0,1500.0,77632500
2012-04-12,757.3406372070312,1520.0,1520.0,1500.0,1520.0,40885000
2012-04-13,757.3406372070312,1520.0,1530.0,1510.0,1520.0,60145000
2012-04-16,757.3406372070312,1520.0,1520.0,1510.0,1520.0,76235000
2012-04-17,752.3580322265625,1510.0,1550.0,1510.0,1510.0,132980000
2012-04-18,762.322998046875,1530.0,1550.0,1520.0,1530.0,83562500
2012-04-19,772.2880249023438,1550.0,1570.0,1530.0,1550.0,134335000
2012-04-20,777.2705688476562,1560.0,1570.0,1550.0,1560.0,92950000
2012-04-23,777.2705688476562,1560.0,1580.0,1550.0,1560.0,67147500
2012-04-24,792.218017578125,1590.0,1600.0,1570.0,1590.0,135052500
2012-04-25,787.2355346679688,1580.0,1590.0,1570.0,1580.0,185182500
2012-04-26,797.2005615234375,1600.0,1600.0,1570.0,1600.0,132945000
2012-04-27,847.025634765625,1700.0,1740.0,1600.0,1700.0,386080000
2012-04-30,847.025634765625,1700.0,1700.0,1630.0,1700.0,171157500
2012-05-01,822.113037109375,1650.0,1700.0,1640.0,1650.0,58107500
2012-05-02,822.113037109375,1650.0,1700.0,1640.0,1650.0,15
2012-05-03,832.0780029296875,1670.0,1680.0,1600.0,1670.0,181720000
2012-05-04,832.0780029296875,1670.0,1680.0,1630.0,1670.0,206402500
2012-05-07,827.0955810546875,1660.0,1660.0,1610.0,1660.0,165125000
2012-05-08,827.0955810546875,1660.0,1680.0,1640.0,1660.0,165465000
2012-05-09,787.2355346679688,1580.0,1660.0,1580.0,1580.0,139045000
2012-05-10,817.1304931640625,1640.0,1640.0,1540.0,1640.0,132372500
2012-05-11,817.1304931640625,1640.0,1650.0,1600.0,1640.0,80067500
2012-05-14,797.2005615234375,1600.0,1650.0,1600.0,1600.0,61930000
2012-05-15,812.1480102539062,1630.0,1640.0,1570.0,1630.0,89595000
2012-05-16,787.2355346679688,1580.0,1600.0,1550.0,1580.0,155052500
2012-05-21,782.2530517578125,1570.0,1600.0,1540.0,1570.0,170145000
2012-05-22,782.2530517578125,1570.0,1590.0,1550.0,1570.0,70700000
2012-05-23,772.2880249023438,1550.0,1560.0,1530.0,1550.0,76872500
2012-05-24,747.3754272460938,1500.0,1540.0,1470.0,1500.0,175320000
2012-05-25,722.4629516601562,1450.0,1480.0,1440.0,1450.0,125352500
2012-05-28,737.410400390625,1480.0,1500.0,1400.0,1480.0,113907500
2012-05-29,757.3406372070312,1520.0,1540.0,1480.0,1520.0,61792500
2012-05-30,787.2355346679688,1580.0,1600.0,1530.0,1580.0,162582500
2012-05-31,777.2705688476562,1560.0,1600.0,1540.0,1560.0,200920000
2012-06-01,757.3406372070312,1520.0,1590.0,1520.0,1520.0,69610000
2012-06-04,757.3406372070312,1520.0,1540.0,1490.0,1520.0,68332500
2012-06-05,767.3055419921875,1540.0,1560.0,1530.0,1540.0,26472500
2012-06-06,790.47998046875,1510.0,1510.0,1480.0,1510.0,53875000
2012-06-07,785.2449340820312,1500.0,1530.0,1500.0,1500.0,116607500
2012-06-08,769.5402221679688,1470.0,1500.0,1460.0,1470.0,44205000
2012-06-11,774.7750854492188,1480.0,1490.0,1460.0,1480.0,67165000
2012-06-12,795.715087890625,1520.0,1520.0,1450.0,1520.0,41552500
2012-06-13,821.8897705078125,1570.0,1590.0,1530.0,1570.0,109347500
2012-06-14,806.1848754882812,1540.0,1570.0,1540.0,1540.0,78670000
2012-06-15,827.124755859375,1580.0,1580.0,1480.0,1580.0,173430000
2012-06-18,785.2449340820312,1500.0,1580.0,1500.0,1500.0,96255000
2012-06-19,795.715087890625,1520.0,1540.0,1510.0,1520.0,58010000
2012-06-20,837.5946655273438,1600.0,1620.0,1540.0,1600.0,117700000
2012-06-21,821.8897705078125,1570.0,1610.0,1570.0,1570.0,72670000
2012-06-22,811.4198608398438,1550.0,1580.0,1550.0,1550.0,58017500
2012-06-25,816.6548461914062,1560.0,1580.0,1560.0,1561.0,39497500
2012-06-26,816.6548461914062,1560.0,1590.0,1560.0,1560.0,54175000
2012-06-27,837.5946655273438,1600.0,1620.0,1580.0,1560.0,120740000
2012-06-28,827.124755859375,1580.0,1630.0,1580.0,1600.0,85480000
2012-06-29,853.2994995117188,1630.0,1650.0,1590.0,1580.0,139292500
2012-07-02,848.0645751953125,1620.0,1650.0,1620.0,1620.0,39347500
2012-07-03,874.2394409179688,1670.0,1670.0,1620.0,1670.0,90200000
2012-07-04,879.4743041992188,1680.0,1700.0,1670.0,1680.0,84615000
2012-07-05,879.4743041992188,1680.0,1700.0,1680.0,1680.0,41415000
2012-07-06,858.5344848632812,1640.0,1680.0,1620.0,1640.0,84372500
2012-07-09,837.5946655273438,1600.0,1640.0,1590.0,1600.0,69512500
2012-07-10,863.7694091796875,1650.0,1650.0,1610.0,1650.0,52312500
2012-07-11,884.7093505859375,1690.0,1710.0,1660.0,1690.0,99737500
2012-07-12,884.7093505859375,1690.0,1710.0,1680.0,1690.0,113602500
2012-07-13,905.6492309570312,1730.0,1760.0,1690.0,1730.0,133937500
2012-07-16,926.5889892578125,1770.0,1780.0,1740.0,1770.0,103310000
2012-07-17,937.05908203125,1790.0,1830.0,1770.0,1790.0,160252500
2012-07-18,937.05908203125,1790.0,1830.0,1790.0,1790.0,55447500
2012-07-19,921.3543701171875,1760.0,1810.0,1750.0,1760.0,75285000
2012-07-20,942.2941284179688,1800.0,1800.0,1770.0,1800.0,70005000
2012-07-23,937.05908203125,1790.0,1810.0,1760.0,1790.0,54100000
2012-07-24,916.1192626953125,1750.0,1800.0,1740.0,1750.0,78095000
2012-07-25,926.5889892578125,1770.0,1810.0,1740.0,1770.0,85185000
2012-07-26,931.82421875,1780.0,1810.0,1760.0,1780.0,62037500
2012-07-27,973.7037353515625,1860.0,1860.0,1800.0,1860.0,122620000
2012-07-30,947.5289306640625,1810.0,1850.0,1810.0,1810.0,68580000
2012-07-31,952.7640380859375,1820.0,1850.0,1780.0,1820.0,164680000
2012-08-01,968.4688110351562,1850.0,1850.0,1820.0,1850.0,98672500
2012-08-02,931.82421875,1780.0,1860.0,1780.0,1780.0,81985000
2012-08-03,937.05908203125,1790.0,1810.0,1770.0,1790.0,52335000
2012-08-06,926.5889892578125,1770.0,1830.0,1770.0,1770.0,67300000
2012-08-07,937.05908203125,1790.0,1810.0,1770.0,1790.0,86267500
2012-08-08,942.2941284179688,1800.0,1800.0,1760.0,1800.0,119872500
2012-08-09,957.9989013671875,1830.0,1850.0,1820.0,1830.0,124382500
2012-08-10,963.2338256835938,1840.0,1860.0,1820.0,1840.0,81207500
2012-08-13,937.05908203125,1790.0,1860.0,1770.0,1790.0,78530000
2012-08-14,926.5889892578125,1770.0,1810.0,1750.0,1770.0,87465000
2012-08-15,968.4688110351562,1850.0,1860.0,1780.0,1850.0,107300000
2012-08-16,1026.053466796875,1960.0,1970.0,1860.0,1960.0,213665000
2012-08-23,1005.1135864257812,1920.0,1930.0,1870.0,1920.0,166172500
2012-08-24,994.643798828125,1900.0,1900.0,1880.0,1900.0,75392500
2012-08-27,989.4085083007812,1890.0,1900.0,1870.0,1890.0,8240000
2012-08-28,973.7037353515625,1860.0,1890.0,1860.0,1860.0,61510000
2012-08-29,973.7037353515625,1860.0,1890.0,1840.0,1860.0,103322500
2012-08-30,973.7037353515625,1860.0,1880.0,1840.0,1860.0,59417500
2012-08-31,973.7037353515625,1860.0,1900.0,1850.0,1860.0,78742500
2012-09-03,999.878662109375,1910.0,1930.0,1860.0,1910.0,80640000
2012-09-04,1010.3486328125,1930.0,1940.0,1910.0,1930.0,78130000
2012-09-05,1005.1135864257812,1920.0,1940.0,1890.0,1920.0,88485000
2012-09-06,999.878662109375,1910.0,1930.0,1910.0,1910.0,36550000
2012-09-07,1010.3486328125,1930.0,1940.0,1900.0,1930.0,101200000
2012-09-10,984.173828125,1880.0,1950.0,1870.0,1880.0,93445000
2012-09-11,989.4085083007812,1890.0,1900.0,1850.0,1890.0,40230000
2012-09-12,989.4085083007812,1890.0,1900.0,1880.0,1890.0,31547500
2012-09-13,989.4085083007812,1890.0,1910.0,1890.0,1890.0,34427500
2012-09-14,1010.3486328125,1930.0,1940.0,1890.0,1930.0,143777500
2012-09-17,968.4688110351562,1850.0,1910.0,1850.0,1850.0,93355000
2012-09-18,984.173828125,1880.0,1880.0,1850.0,1880.0,72222500
2012-09-19,984.173828125,1880.0,1910.0,1870.0,1880.0,117850000
2012-09-20,984.173828125,1880.0,1880.0,1850.0,1880.0,56595000
2012-09-21,984.173828125,1880.0,1890.0,1860.0,1880.0,56237500
2012-09-24,968.4688110351562,1850.0,1880.0,1840.0,1850.0,54650000
2012-09-25,978.9385375976562,1870.0,1870.0,1850.0,1870.0,27470000
2012-09-26,963.2338256835938,1840.0,1880.0,1830.0,1840.0,61522500
2012-09-27,978.9385375976562,1870.0,1890.0,1830.0,1870.0,81632500
2012-09-28,989.4085083007812,1890.0,1900.0,1870.0,1890.0,89755000
2012-10-01,984.173828125,1880.0,1890.0,1860.0,1880.0,52527500
2012-10-02,994.643798828125,1900.0,1910.0,1880.0,1900.0,70050000
2012-10-03,994.643798828125,1900.0,1910.0,1890.0,1900.0,72790000
2012-10-04,994.643798828125,1900.0,1910.0,1880.0,1900.0,77155000
2012-10-05,994.643798828125,1900.0,1920.0,1890.0,1900.0,63187500
2012-10-08,1005.1135864257812,1920.0,1930.0,1910.0,1920.0,85082500
2012-10-09,1010.3486328125,1930.0,1950.0,1910.0,1930.0,66767500
2012-10-10,1010.3486328125,1930.0,1940.0,1920.0,1930.0,63307500
2012-10-11,1020.8184814453125,1950.0,1950.0,1930.0,1950.0,91525000
2012-10-12,1010.3486328125,1930.0,1970.0,1930.0,1930.0,110005000
2012-10-15,1005.1135864257812,1920.0,1950.0,1890.0,1920.0,94040000
2012-10-16,1031.2884521484375,1970.0,1970.0,1920.0,1970.0,95815000
2012-10-17,1020.8184814453125,1950.0,1970.0,1940.0,1950.0,133372500
2012-10-18,1010.3486328125,1930.0,1960.0,1920.0,1930.0,64702500
2012-10-19,1010.3486328125,1930.0,1960.0,1930.0,1930.0,71067500
2012-10-22,999.878662109375,1910.0,1940.0,1910.0,1910.0,62315000
2012-10-23,1010.3486328125,1930.0,1940.0,1890.0,1930.0,88507500
2012-10-24,1026.053466796875,1960.0,1990.0,1920.0,1960.0,309980000
2012-10-25,1010.3486328125,1930.0,1980.0,1910.0,1930.0,105362500
2012-10-29,1010.3486328125,1930.0,1950.0,1910.0,1930.0,98112500
2012-10-30,1005.1135864257812,1920.0,1940.0,1920.0,1920.0,61515000
2012-10-31,1020.8184814453125,1950.0,1950.0,1910.0,1950.0,104925000
2012-11-01,1020.8184814453125,1950.0,1980.0,1940.0,1950.0,124140000
2012-11-02,999.878662109375,1910.0,1930.0,1880.0,1910.0,135580000
2012-11-05,984.173828125,1880.0,1910.0,1870.0,1880.0,82187500
2012-11-06,984.173828125,1880.0,1910.0,1870.0,1880.0,82652500
2012-11-07,984.173828125,1880.0,1890.0,1870.0,1880.0,44255000
2012-11-08,978.9385375976562,1870.0,1880.0,1860.0,1870.0,83842500
2012-11-09,984.173828125,1880.0,1880.0,1860.0,1880.0,67277500
2012-11-12,978.9385375976562,1870.0,1890.0,1870.0,1870.0,28595000
2012-11-13,984.173828125,1880.0,1890.0,1860.0,1880.0,54072500
2012-11-14,989.4085083007812,1890.0,1890.0,1870.0,1890.0,70562500
2012-11-19,968.4688110351562,1850.0,1890.0,1840.0,1850.0,89660000
2012-11-20,978.9385375976562,1870.0,1870.0,1850.0,1870.0,82222500
2012-11-21,963.2338256835938,1840.0,1880.0,1840.0,1840.0,92085000
2012-11-22,968.4688110351562,1850.0,1860.0,1840.0,1850.0,151695000
2012-11-23,963.2338256835938,1840.0,1860.0,1830.0,1840.0,44250000
2012-11-26,984.173828125,1880.0,1880.0,1840.0,1880.0,91917500
2012-11-27,984.173828125,1880.0,1890.0,1870.0,1880.0,54600000
2012-11-28,973.7037353515625,1860.0,1870.0,1840.0,1860.0,55567500
2012-11-29,968.4688110351562,1850.0,1870.0,1830.0,1850.0,62972500
2012-11-30,942.2941284179688,1800.0,1870.0,1790.0,1800.0,162595000
2012-12-03,926.5889892578125,1770.0,1820.0,1730.0,1770.0,192670000
2012-12-04,926.5889892578125,1770.0,1780.0,1740.0,1770.0,70100000
2012-12-05,921.3543701171875,1760.0,1780.0,1730.0,1760.0,118277500
2012-12-06,931.82421875,1780.0,1800.0,1760.0,1780.0,82115000
2012-12-07,963.2338256835938,1840.0,1840.0,1780.0,1840.0,179717500
2012-12-10,973.7037353515625,1860.0,1860.0,1830.0,1860.0,87720000
2012-12-11,957.9989013671875,1830.0,1860.0,1820.0,1830.0,91575000
2012-12-12,968.4688110351562,1850.0,1870.0,1820.0,1850.0,173002500
2012-12-13,957.9989013671875,1830.0,1840.0,1810.0,1830.0,99052500
2012-12-14,926.5889892578125,1770.0,1830.0,1750.0,1770.0,185680000
2012-12-17,947.5289306640625,1810.0,1810.0,1780.0,1810.0,159475000
2012-12-18,942.2941284179688,1800.0,1820.0,1770.0,1800.0,97192500
2012-12-19,931.82421875,1780.0,1810.0,1750.0,1780.0,118705000
2012-12-20,942.2941284179688,1800.0,1800.0,1750.0,1800.0,114527500
2012-12-21,957.9989013671875,1830.0,1830.0,1780.0,1830.0,91677500
2012-12-26,952.7640380859375,1820.0,1820.0,1810.0,1820.0,15
2012-12-27,937.05908203125,1790.0,1810.0,1770.0,1790.0,67850000
2012-12-28,947.5289306640625,1810.0,1820.0,1780.0,1810.0,109440000
2013-01-02,937.05908203125,1790.0,1830.0,1770.0,1790.0,60222500
2013-01-03,942.2941284179688,1800.0,1810.0,1790.0,1800.0,121480000
2013-01-04,952.7640380859375,1820.0,1820.0,1800.0,1820.0,101207500
2013-01-07,963.2338256835938,1840.0,1860.0,1820.0,1840.0,110077500
2013-01-08,957.9989013671875,1830.0,1850.0,1830.0,1830.0,77142500
2013-01-09,937.05908203125,1790.0,1840.0,1780.0,1790.0,150775000
2013-01-10,937.05908203125,1790.0,1800.0,1760.0,1790.0,165842500
2013-01-11,947.5289306640625,1810.0,1810.0,1780.0,1810.0,93272500
2013-01-14,957.9989013671875,1830.0,1830.0,1810.0,1830.0,93792500
2013-01-15,989.4085083007812,1890.0,1890.0,1830.0,1890.0,139172500
2013-01-16,994.643798828125,1900.0,1900.0,1880.0,1900.0,80340000
2013-01-17,999.878662109375,1910.0,1920.0,1890.0,1910.0,108880000
2013-01-18,1026.053466796875,1960.0,1960.0,1910.0,1960.0,106495000
2013-01-21,1005.1135864257812,1920.0,1950.0,1900.0,1920.0,92392500
2013-01-22,1005.1135864257812,1920.0,1920.0,1920.0,1920.0,0
2013-01-23,1005.1135864257812,1920.0,1940.0,1880.0,1920.0,54337500
2013-01-25,1026.053466796875,1960.0,1960.0,1900.0,1960.0,121637500
2013-01-28,999.878662109375,1910.0,1950.0,1900.0,1910.0,111172500
2013-01-29,1010.3486328125,1930.0,1960.0,1910.0,1930.0,149150000
2013-01-30,1015.5836791992188,1940.0,1950.0,1920.0,1940.0,83140000
2013-01-31,1015.5836791992188,1940.0,1940.0,1910.0,1940.0,155020000
2013-02-01,1010.3486328125,1930.0,1960.0,1930.0,1930.0,92477500
2013-02-04,1015.5836791992188,1940.0,1960.0,1920.0,1940.0,63735000
2013-02-05,1015.5836791992188,1940.0,1950.0,1920.0,1940.0,73387500
2013-02-06,1026.053466796875,1960.0,1960.0,1940.0,1960.0,72077500
2013-02-07,1010.3486328125,1930.0,1960.0,1920.0,1930.0,55877500
2013-02-08,1010.3486328125,1930.0,1950.0,1920.0,1930.0,82810000
2013-02-11,1010.3486328125,1930.0,1940.0,1920.0,1930.0,55935000
2013-02-12,1010.3486328125,1930.0,1930.0,1910.0,1930.0,37485000
2013-02-13,1005.1135864257812,1920.0,1940.0,1910.0,1920.0,63552500
2013-02-14,1020.8184814453125,1950.0,1960.0,1910.0,1950.0,282730000
2013-02-15,1041.7584228515625,1990.0,2000.0,1950.0,1990.0,243532500
2013-02-18,1041.7584228515625,1990.0,2010.0,1970.0,1990.0,96120000
2013-02-19,1036.5233154296875,1980.0,2010.0,1970.0,1980.0,56707500
2013-02-20,1031.2884521484375,1970.0,2000.0,1950.0,1970.0,90922500
2013-02-21,1036.5233154296875,1980.0,1980.0,1960.0,1980.0,91987500
2013-02-22,1031.2884521484375,1970.0,1980.0,1950.0,1970.0,77210000
2013-02-25,1036.5233154296875,1980.0,1980.0,1950.0,1980.0,85690000
2013-02-26,1031.2884521484375,1970.0,1980.0,1950.0,1970.0,54930000
2013-02-27,1062.6983642578125,2030.0,2070.0,1980.0,2030.0,243452500
2013-02-28,1125.517822265625,2150.0,2190.0,2060.0,2150.0,191622500
2013-03-01,1135.9876708984375,2170.0,2190.0,2100.0,2170.0,96047500
2013-03-04,1099.343017578125,2100.0,2180.0,2090.0,2100.0,93580000
2013-03-05,1099.343017578125,2100.0,2120.0,2070.0,2100.0,43375000
2013-03-06,1162.1627197265625,2220.0,2230.0,2130.0,2220.0,132065000
2013-03-07,1109.8128662109375,2120.0,2170.0,2100.0,2120.0,126125000
2013-03-08,1125.517822265625,2150.0,2190.0,2140.0,2150.0,71627500
2013-03-11,1135.9876708984375,2170.0,2190.0,2150.0,2170.0,37515000
2013-03-13,1135.9876708984375,2170.0,2230.0,2150.0,2170.0,122720000
2013-03-14,1109.8128662109375,2120.0,2180.0,2120.0,2160.0,89810000
2013-03-15,1078.4031982421875,2060.0,2200.0,2060.0,2130.0,100502500
2013-03-18,1099.343017578125,2100.0,2110.0,2050.0,2060.0,100685000
2013-03-19,1104.5780029296875,2110.0,2140.0,2110.0,2120.0,61297500
2013-03-20,1120.282958984375,2140.0,2190.0,2120.0,2140.0,114347500
2013-03-21,1125.517822265625,2150.0,2220.0,2120.0,2180.0,85155000
2013-03-22,1104.5780029296875,2110.0,2160.0,2090.0,2150.0,97967500
2013-03-25,1120.282958984375,2140.0,2170.0,2120.0,2150.0,49620000
2013-03-26,1135.9876708984375,2170.0,2190.0,2130.0,2150.0,86355000
2013-03-27,1135.9876708984375,2170.0,2180.0,2140.0,2170.0,59400000
2013-03-28,1151.692626953125,2200.0,2200.0,2140.0,2150.0,79535000
2013-04-01,1125.517822265625,2150.0,2220.0,2140.0,2200.0,30487500
2013-04-02,1141.222900390625,2180.0,2180.0,2130.0,2130.0,37737500
2013-04-03,1162.1627197265625,2220.0,2230.0,2160.0,2180.0,15
2013-04-04,1135.9876708984375,2170.0,2220.0,2170.0,2210.0,70767500
2013-04-05,1120.282958984375,2140.0,2210.0,2140.0,2190.0,53055000
2013-04-08,1099.343017578125,2100.0,2160.0,2080.0,2140.0,105777500
2013-04-09,1130.752685546875,2160.0,2170.0,2120.0,2130.0,101205000
2013-04-10,1125.517822265625,2150.0,2180.0,2110.0,2180.0,119377500
2013-04-11,1151.692626953125,2200.0,2210.0,2140.0,2170.0,126935000
2013-04-12,1167.3974609375,2230.0,2250.0,2210.0,2220.0,93410000
2013-04-15,1167.3974609375,2230.0,2250.0,2190.0,2220.0,61885000
2013-04-16,1230.21728515625,2350.0,2360.0,2200.0,2230.0,15
2013-04-17,1256.3917236328125,2400.0,2500.0,2350.0,2360.0,160735000
2013-04-18,1209.277099609375,2310.0,2360.0,2300.0,2360.0,160360000
2013-04-19,1224.982177734375,2340.0,2380.0,2280.0,2290.0,109192500
2013-04-22,1256.3917236328125,2400.0,2460.0,2380.0,2380.0,10
2013-04-23,1224.982177734375,2340.0,2340.0,2340.0,2340.0,0
2013-04-24,1251.1572265625,2390.0,2420.0,2370.0,2400.0,93440000
2013-04-25,1235.4522705078125,2360.0,2400.0,2300.0,2400.0,110875000
2013-04-26,1177.8675537109375,2250.0,2340.0,2240.0,2340.0,141757500
2013-04-29,1193.5723876953125,2280.0,2290.0,2250.0,2270.0,62045000
2013-04-30,1224.982177734375,2340.0,2350.0,2290.0,2290.0,187220000
2013-05-01,1235.4522705078125,2360.0,2360.0,2340.0,2340.0,20460000
2013-05-02,1235.4522705078125,2360.0,2360.0,2310.0,2330.0,68327500
2013-05-03,1183.1024169921875,2260.0,2360.0,2260.0,2340.0,87995000
2013-05-06,1214.5123291015625,2320.0,2350.0,2280.0,2280.0,81867500
2013-05-07,1224.982177734375,2340.0,2350.0,2300.0,2330.0,79560000
2013-05-08,1235.4522705078125,2360.0,2360.0,2320.0,2320.0,63865000
2013-05-10,1240.687255859375,2370.0,2380.0,2340.0,2340.0,90800000
2013-05-13,1240.687255859375,2370.0,2380.0,2320.0,2380.0,86107500
2013-05-14,1240.687255859375,2370.0,2380.0,2340.0,2360.0,72282500
2013-05-15,1245.9219970703125,2380.0,2420.0,2360.0,2380.0,162527500
2013-05-16,1245.9219970703125,2380.0,2420.0,2370.0,2410.0,100317500
2013-05-17,1251.1572265625,2390.0,2410.0,2380.0,2380.0,78335000
2013-05-20,1287.8018798828125,2460.0,2580.0,2430.0,2430.0,142417500
2013-05-21,1282.5670166015625,2450.0,2520.0,2440.0,2480.0,129855000
2013-05-22,1293.0369873046875,2470.0,2490.0,2430.0,2430.0,87825000
2013-05-23,1277.3319091796875,2440.0,2480.0,2410.0,2450.0,153887500
2013-05-24,1287.8018798828125,2460.0,2480.0,2450.0,2460.0,69085000
2013-05-27,1277.3319091796875,2440.0,2460.0,2410.0,2460.0,86650000
2013-05-28,1287.8018798828125,2460.0,2480.0,2400.0,2400.0,97247500
2013-05-29,1298.271728515625,2480.0,2500.0,2460.0,2460.0,111012500
2013-05-30,1285.92138671875,2370.0,2430.0,2370.0,2400.0,141920000
2013-05-31,1199.1080322265625,2210.0,2380.0,2210.0,2360.0,15
2013-06-03,1237.0887451171875,2280.0,2340.0,2210.0,2220.0,206020000
2013-06-04,1231.6630859375,2270.0,2330.0,2230.0,2280.0,117660000
2013-06-05,1215.3853759765625,2240.0,2280.0,2240.0,2260.0,118007500
2013-06-07,1193.68212890625,2200.0,2250.0,2160.0,2240.0,231427500
2013-06-10,1139.424072265625,2100.0,2230.0,2070.0,2200.0,177525000
2013-06-11,1085.165771484375,2000.0,2110.0,1970.0,2100.0,248872500
2013-06-12,1117.720703125,2060.0,2100.0,1940.0,2010.0,208075000
2013-06-13,1106.869140625,2040.0,2130.0,2010.0,2050.0,212940000
2013-06-14,1144.849853515625,2110.0,2170.0,2060.0,2060.0,147550000
2013-06-17,1128.572265625,2080.0,2150.0,2070.0,2110.0,109685000
2013-06-18,1177.4046630859375,2170.0,2220.0,2090.0,2090.0,169845000
2013-06-19,1193.68212890625,2200.0,2280.0,2160.0,2170.0,107137500
2013-06-20,1139.424072265625,2100.0,2140.0,2030.0,2100.0,157067500
2013-06-21,1079.73974609375,1990.0,2070.0,1970.0,2000.0,237425000
2013-06-24,1085.165771484375,2000.0,2050.0,1980.0,2000.0,147670000
2013-06-25,1058.0364990234375,1950.0,2020.0,1930.0,2020.0,184105000
2013-06-26,1112.294677734375,2050.0,2080.0,1900.0,1980.0,245915000
2013-06-27,1171.97900390625,2160.0,2260.0,2100.0,2100.0,208745000
2013-06-28,1220.8114013671875,2250.0,2250.0,2180.0,2180.0,182437500
2013-07-01,1182.83056640625,2180.0,2250.0,2170.0,2200.0,86265000
2013-07-02,1166.5531005859375,2150.0,2200.0,2150.0,2190.0,92212500
2013-07-03,1144.849853515625,2110.0,2150.0,2100.0,2100.0,178655000
2013-07-04,1182.83056640625,2180.0,2240.0,2150.0,2160.0,76065000
2013-07-05,1193.68212890625,2200.0,2240.0,2200.0,2200.0,60670000
2013-07-08,1182.83056640625,2180.0,2240.0,2160.0,2160.0,105267500
2013-07-09,1193.68212890625,2200.0,2270.0,2200.0,2220.0,131332500
2013-07-10,1226.2371826171875,2260.0,2280.0,2200.0,2200.0,190850000
2013-07-11,1264.2178955078125,2330.0,2360.0,2260.0,2270.0,175910000
2013-07-12,1285.92138671875,2370.0,2440.0,2340.0,2340.0,205670000
2013-07-15,1285.92138671875,2370.0,2380.0,2330.0,2370.0,99732500
2013-07-16,1247.9404296875,2300.0,2370.0,2300.0,2350.0,79697500
2013-07-17,1226.2371826171875,2260.0,2310.0,2240.0,2300.0,122885000
2013-07-18,1237.0887451171875,2280.0,2310.0,2250.0,2260.0,196995000
2013-07-19,1264.2178955078125,2330.0,2350.0,2280.0,2300.0,90492500
2013-07-22,1275.069580078125,2350.0,2400.0,2330.0,2400.0,99952500
2013-07-23,1302.19873046875,2400.0,2400.0,2360.0,2380.0,105552500
2013-07-24,1280.4954833984375,2360.0,2400.0,2300.0,2300.0,81982500
2013-07-25,1269.643798828125,2340.0,2370.0,2320.0,2360.0,92747500
2013-07-26,1264.2178955078125,2330.0,2380.0,2330.0,2360.0,71982500
2013-07-29,1237.0887451171875,2280.0,2340.0,2260.0,2320.0,55790000
2013-07-30,1275.069580078125,2350.0,2370.0,2270.0,2280.0,79955000
2013-07-31,1291.34716796875,2380.0,2380.0,2330.0,2360.0,86822500
2013-08-01,1302.19873046875,2400.0,2410.0,2380.0,2390.0,79205000
2013-08-02,1302.19873046875,2400.0,2440.0,2400.0,2440.0,54575000
2013-08-12,1285.92138671875,2370.0,2420.0,2370.0,2380.0,108935000
2013-08-13,1269.643798828125,2340.0,2390.0,2340.0,2380.0,97225000
2013-08-14,1291.34716796875,2380.0,2380.0,2340.0,2350.0,59555000
2013-08-15,1296.772705078125,2390.0,2420.0,2350.0,2360.0,99700000
2013-08-16,1231.6630859375,2270.0,2380.0,2270.0,2380.0,138227500
2013-08-19,1150.275634765625,2120.0,2200.0,2100.0,2170.0,130175000
2013-08-20,1128.572265625,2080.0,2140.0,1980.0,2040.0,229065000
2013-08-21,1188.2564697265625,2190.0,2250.0,2100.0,2120.0,202245000
2013-08-22,1155.701416015625,2130.0,2180.0,2120.0,2120.0,145652500
2013-08-23,1166.5531005859375,2150.0,2200.0,2120.0,2160.0,84685000
2013-08-26,1155.701416015625,2130.0,2170.0,2120.0,2160.0,81722500
2013-08-27,1096.0172119140625,2020.0,2130.0,2000.0,2120.0,128692500
2013-08-28,1166.5531005859375,2150.0,2375.0,1980.0,2025.0,140114000
2013-08-29,1207.24658203125,2225.0,2250.0,2100.0,2150.0,105664500
2013-08-30,1193.68212890625,2200.0,2250.0,2150.0,2200.0,109446500
2013-09-02,1166.5531005859375,2150.0,2225.0,2100.0,2200.0,63655500
2013-09-03,1193.68212890625,2200.0,2225.0,2175.0,2175.0,50207000
2013-09-04,1139.424072265625,2100.0,2200.0,2075.0,2150.0,106755500
2013-09-05,1085.165771484375,2000.0,2150.0,1990.0,2100.0,147371008
2013-09-06,1079.73974609375,1990.0,2050.0,1950.0,2025.0,198064000
2013-09-09,1125.8592529296875,2075.0,2100.0,2025.0,2025.0,131547000
2013-09-10,1193.68212890625,2200.0,2200.0,2075.0,2125.0,218278500
2013-09-11,1180.1175537109375,2175.0,2275.0,2100.0,2225.0,215712000
2013-09-12,1207.24658203125,2225.0,2250.0,2150.0,2150.0,99842000
2013-09-13,1193.68212890625,2200.0,2225.0,2150.0,2200.0,113031500
2013-09-16,1207.24658203125,2225.0,2250.0,2200.0,2200.0,120217000
2013-09-17,1220.8114013671875,2250.0,2275.0,2200.0,2225.0,124701500
2013-09-18,1207.24658203125,2225.0,2275.0,2175.0,2275.0,65105000
2013-09-19,1288.63427734375,2375.0,2450.0,2300.0,2300.0,171275500
2013-09-20,1261.505126953125,2325.0,2375.0,2300.0,2300.0,76113000
2013-09-23,1234.3758544921875,2275.0,2275.0,2200.0,2250.0,85687000
2013-09-24,1193.68212890625,2200.0,2250.0,2175.0,2225.0,102855000
2013-09-25,1166.5531005859375,2150.0,2175.0,2050.0,2150.0,190404500
2013-09-26,1166.5531005859375,2150.0,2250.0,2125.0,2150.0,124709000
2013-09-27,1180.1175537109375,2175.0,2200.0,2150.0,2200.0,100720500
2013-09-30,1139.424072265625,2100.0,2150.0,2075.0,2125.0,137816500
2013-10-01,1166.5531005859375,2150.0,2175.0,2100.0,2100.0,69872500
2013-10-02,1193.68212890625,2200.0,2225.0,2175.0,2175.0,84952000
2013-10-03,1207.24658203125,2225.0,2225.0,2200.0,2225.0,51035500
2013-10-04,1220.8114013671875,2250.0,2250.0,2175.0,2225.0,67581500
2013-10-07,1220.8114013671875,2250.0,2275.0,2200.0,2250.0,54716000
2013-10-08,1207.24658203125,2225.0,2250.0,2200.0,2200.0,78668000
2013-10-09,1234.3758544921875,2275.0,2300.0,2225.0,2250.0,134366500
2013-10-10,1261.505126953125,2325.0,2325.0,2250.0,2300.0,81710500
2013-10-11,1261.505126953125,2325.0,2350.0,2300.0,2350.0,108595000
2013-10-16,1234.3758544921875,2275.0,2300.0,2200.0,2275.0,105367000
2013-10-17,1261.505126953125,2325.0,2350.0,2275.0,2300.0,65266000
2013-10-18,1275.069580078125,2350.0,2350.0,2275.0,2300.0,63748500
2013-10-21,1261.505126953125,2325.0,2375.0,2275.0,2350.0,84729500
2013-10-22,1220.8114013671875,2250.0,2300.0,2225.0,2275.0,146869500
2013-10-23,1220.8114013671875,2250.0,2300.0,2225.0,2275.0,113433500
2013-10-24,1207.24658203125,2225.0,2300.0,2200.0,2225.0,123026500
2013-10-25,1180.1175537109375,2175.0,2250.0,2150.0,2225.0,122372000
2013-10-28,1234.3758544921875,2275.0,2275.0,2200.0,2225.0,103357500
2013-10-29,1247.9404296875,2300.0,2300.0,2225.0,2250.0,81925000
2013-10-30,1247.9404296875,2300.0,2325.0,2275.0,2300.0,102476000
2013-10-31,1275.069580078125,2350.0,2350.0,2225.0,2275.0,175641000
2013-11-01,1247.9404296875,2300.0,2350.0,2300.0,2300.0,93561000
2013-11-04,1261.505126953125,2325.0,2325.0,2250.0,2275.0,63125500
2013-11-06,1234.3758544921875,2275.0,2300.0,2250.0,2300.0,130402000
2013-11-07,1234.3758544921875,2275.0,2300.0,2250.0,2300.0,109366500
2013-11-08,1234.3758544921875,2275.0,2300.0,2250.0,2250.0,119428500
2013-11-11,1207.24658203125,2225.0,2275.0,2225.0,2250.0,100433000
2013-11-12,1207.24658203125,2225.0,2250.0,2200.0,2250.0,65346000
2013-11-13,1152.988525390625,2125.0,2200.0,2100.0,2200.0,166392500
2013-11-14,1180.1175537109375,2175.0,2200.0,2150.0,2150.0,91585000
2013-11-15,1180.1175537109375,2175.0,2225.0,2125.0,2200.0,91929500
2013-11-18,1207.24658203125,2225.0,2225.0,2175.0,2175.0,87649500
2013-11-19,1234.3758544921875,2275.0,2275.0,2200.0,2225.0,52449500
2013-11-20,1207.24658203125,2225.0,2250.0,2175.0,2250.0,136813000
2013-11-21,1207.24658203125,2225.0,2225.0,2175.0,2225.0,97510500
2013-11-22,1166.5531005859375,2150.0,2225.0,2150.0,2200.0,108121500
2013-11-25,1166.5531005859375,2150.0,2175.0,2125.0,2150.0,70234000
2013-11-26,1098.730224609375,2025.0,2150.0,2025.0,2150.0,230524000
2013-11-27,1152.988525390625,2125.0,2125.0,2075.0,2075.0,128729000
2013-11-28,1166.5531005859375,2150.0,2150.0,2100.0,2150.0,60913000
2013-11-29,1180.1175537109375,2175.0,2175.0,2125.0,2125.0,50601000
2013-12-02,1193.68212890625,2200.0,2200.0,2150.0,2200.0,22662500
2013-12-03,1166.5531005859375,2150.0,2200.0,2100.0,2175.0,82436500
2013-12-04,1139.424072265625,2100.0,2150.0,2100.0,2125.0,83152500
2013-12-05,1112.294677734375,2050.0,2125.0,2000.0,2100.0,179661000
2013-12-06,1085.165771484375,2000.0,2050.0,1990.0,2050.0,207724000
2013-12-09,1098.730224609375,2025.0,2050.0,1980.0,2025.0,217082500
2013-12-10,1098.730224609375,2025.0,2075.0,2025.0,2050.0,224616500
2013-12-11,1139.424072265625,2100.0,2100.0,2025.0,2025.0,182320000
2013-12-12,1125.8592529296875,2075.0,2125.0,2050.0,2050.0,122269500
2013-12-13,1125.8592529296875,2075.0,2125.0,2050.0,2100.0,127414500
2013-12-16,1125.8592529296875,2075.0,2100.0,2050.0,2075.0,83270500
2013-12-17,1112.294677734375,2050.0,2100.0,2025.0,2100.0,166180500
2013-12-18,1125.8592529296875,2075.0,2100.0,2050.0,2075.0,110170000
2013-12-19,1152.988525390625,2125.0,2150.0,2100.0,2100.0,115378000
2013-12-20,1139.424072265625,2100.0,2150.0,2075.0,2125.0,108210500
2013-12-23,1125.8592529296875,2075.0,2125.0,2025.0,2125.0,106619000
2013-12-24,1152.988525390625,2125.0,2150.0,2075.0,2100.0,55390500
2013-12-27,1152.988525390625,2125.0,2150.0,2075.0,2125.0,51949500
2013-12-30,1166.5531005859375,2150.0,2150.0,2125.0,2150.0,52862000
2014-01-02,1180.1175537109375,2175.0,2200.0,2150.0,2175.0,44446000
2014-01-03,1152.988525390625,2125.0,2175.0,2100.0,2125.0,60001000
2014-01-06,1131.2852783203125,2085.0,2175.0,2065.0,2175.0,81736300
2014-01-07,1123.146484375,2070.0,2085.0,2060.0,2085.0,73637100
2014-01-08,1139.424072265625,2100.0,2100.0,2065.0,2085.0,84514500
2014-01-09,1131.2852783203125,2085.0,2115.0,2085.0,2100.0,71932000
2014-01-10,1163.8402099609375,2145.0,2155.0,2075.0,2085.0,95283500
2014-01-13,1204.533935546875,2220.0,2240.0,2175.0,2180.0,159876500
2014-01-15,1196.3953857421875,2205.0,2240.0,2175.0,2200.0,178597800
2014-01-16,1209.959716796875,2230.0,2265.0,2210.0,2235.0,93772300
2014-01-17,1207.24658203125,2225.0,2250.0,2215.0,2215.0,57115800
2014-01-20,1220.8114013671875,2250.0,2250.0,2205.0,2205.0,55963300
2014-01-21,1223.5244140625,2255.0,2255.0,2225.0,2240.0,53197000
2014-01-22,1209.959716796875,2230.0,2245.0,2180.0,2225.0,100488800
2014-01-23,1207.24658203125,2225.0,2240.0,2205.0,2230.0,83549700
2014-01-24,1199.1080322265625,2210.0,2235.0,2190.0,2210.0,85992300
2014-01-27,1166.5531005859375,2150.0,2175.0,2100.0,2150.0,79202500
2014-01-28,1166.5531005859375,2150.0,2165.0,2115.0,2150.0,63022000
2014-01-29,1209.959716796875,2230.0,2255.0,2165.0,2165.0,98500700
2014-01-30,1234.3758544921875,2275.0,2275.0,2185.0,2195.0,137604700
2014-02-03,1204.533935546875,2220.0,2265.0,2220.0,2250.0,59464200
2014-02-04,1190.96923828125,2195.0,2230.0,2170.0,2195.0,84787100
2014-02-05,1212.6724853515625,2235.0,2245.0,2225.0,2245.0,51822100
2014-02-06,1250.6534423828125,2305.0,2310.0,2235.0,2250.0,156438800
2014-02-07,1245.2275390625,2295.0,2310.0,2285.0,2300.0,89293100
2014-02-10,1245.2275390625,2295.0,2320.0,2295.0,2310.0,81759000
2014-02-11,1234.3758544921875,2275.0,2290.0,2260.0,2275.0,103091300
2014-02-12,1242.5145263671875,2290.0,2295.0,2260.0,2280.0,132252200
2014-02-13,1228.9501953125,2265.0,2290.0,2265.0,2290.0,97344200
2014-02-14,1220.8114013671875,2250.0,2275.0,2250.0,2265.0,56708400
2014-02-17,1234.3758544921875,2275.0,2280.0,2250.0,2255.0,119235400
2014-02-18,1250.6534423828125,2305.0,2315.0,2275.0,2285.0,90236800
2014-02-19,1264.2178955078125,2330.0,2340.0,2310.0,2315.0,120156400
2014-02-20,1280.4954833984375,2360.0,2375.0,2320.0,2325.0,160660300
2014-02-21,1302.19873046875,2400.0,2420.0,2375.0,2380.0,122935900
2014-02-24,1288.63427734375,2375.0,2420.0,2365.0,2400.0,116059400
2014-02-25,1242.5145263671875,2290.0,2380.0,2285.0,2380.0,109895400
2014-02-26,1239.8017578125,2285.0,2310.0,2270.0,2275.0,133970000
2014-02-27,1239.8017578125,2285.0,2290.0,2275.0,2285.0,51654100
2014-02-28,1261.505126953125,2325.0,2325.0,2285.0,2285.0,77853600
2014-03-03,1247.9404296875,2300.0,2310.0,2285.0,2310.0,55706500
2014-03-04,1247.9404296875,2300.0,2310.0,2275.0,2295.0,67568600
2014-03-05,1258.7921142578125,2320.0,2340.0,2315.0,2325.0,81012700
2014-03-06,1253.3665771484375,2310.0,2340.0,2300.0,2320.0,67358000
2014-03-07,1245.2275390625,2295.0,2325.0,2275.0,2325.0,179233400
2014-03-10,1185.5433349609375,2185.0,2260.0,2175.0,2260.0,302480800
2014-03-11,1182.83056640625,2180.0,2210.0,2165.0,2185.0,181133900
2014-03-12,1174.6917724609375,2165.0,2175.0,2130.0,2160.0,142736000
2014-03-13,1188.2564697265625,2190.0,2210.0,2170.0,2170.0,174546300
2014-03-14,1237.0887451171875,2280.0,2280.0,2160.0,2170.0,243934500
2014-03-17,1220.8114013671875,2250.0,2290.0,2230.0,2285.0,211329792
2014-03-18,1199.1080322265625,2210.0,2260.0,2210.0,2250.0,184497300
2014-03-19,1226.2371826171875,2260.0,2290.0,2210.0,2210.0,184618800
2014-03-20,1188.2564697265625,2190.0,2270.0,2190.0,2260.0,139017100
2014-03-21,1171.97900390625,2160.0,2220.0,2160.0,2205.0,204697900
2014-03-24,1209.959716796875,2230.0,2240.0,2175.0,2175.0,96374000
2014-03-25,1188.2564697265625,2190.0,2220.0,2190.0,2200.0,64711900
2014-03-26,1199.1080322265625,2210.0,2215.0,2170.0,2205.0,108826700
2014-03-27,1180.1175537109375,2175.0,2230.0,2175.0,2205.0,117110500
2014-03-28,1201.8211669921875,2215.0,2225.0,2190.0,2190.0,66329600
2014-04-01,1223.5244140625,2255.0,2255.0,2230.0,2230.0,155473900
2014-04-02,1220.8114013671875,2250.0,2265.0,2245.0,2255.0,71968500
2014-04-03,1226.2371826171875,2260.0,2260.0,2235.0,2250.0,96763700
2014-04-04,1234.3758544921875,2275.0,2285.0,2240.0,2260.0,129922300
2014-04-07,1258.7921142578125,2320.0,2325.0,2290.0,2290.0,213134600
2014-04-08,1264.2178955078125,2330.0,2330.0,2300.0,2325.0,152506400
2014-04-09,1264.2178955078125,2330.0,2330.0,2330.0,2330.0,0
2014-04-10,1226.2371826171875,2260.0,2300.0,2150.0,2300.0,324276200
2014-04-11,1256.079345703125,2315.0,2315.0,2240.0,2245.0,140791700
2014-04-14,1269.643798828125,2340.0,2345.0,2315.0,2320.0,139482300
2014-04-15,1247.9404296875,2300.0,2335.0,2300.0,2310.0,144011700
2014-04-16,1258.7921142578125,2320.0,2325.0,2315.0,2325.0,56176400
2014-04-17,1261.505126953125,2325.0,2330.0,2315.0,2325.0,63686500
2014-04-21,1256.079345703125,2315.0,2335.0,2315.0,2330.0,44750400
2014-04-22,1266.930908203125,2335.0,2340.0,2305.0,2320.0,76257900
2014-04-23,1269.643798828125,2340.0,2345.0,2330.0,2335.0,90240700
2014-04-24,1277.78271484375,2355.0,2365.0,2330.0,2330.0,75315300
2014-04-25,1283.2086181640625,2365.0,2380.0,2355.0,2355.0,86101600
2014-04-28,1264.2178955078125,2330.0,2370.0,2330.0,2350.0,94229600
2014-04-29,1288.2816162109375,2270.0,2280.0,2240.0,2280.0,71114000
2014-04-30,1285.4439697265625,2265.0,2305.0,2265.0,2270.0,127117400
2014-05-02,1305.307373046875,2300.0,2310.0,2275.0,2285.0,110285500
2014-05-05,1319.4954833984375,2325.0,2325.0,2300.0,2305.0,52538000
2014-05-06,1322.3330078125,2330.0,2335.0,2320.0,2330.0,27881900
2014-05-07,1333.6837158203125,2350.0,2355.0,2315.0,2315.0,88877700
2014-05-08,1330.845947265625,2345.0,2355.0,2325.0,2350.0,61622200
2014-05-09,1333.6837158203125,2350.0,2355.0,2340.0,2345.0,66925900
2014-05-12,1333.6837158203125,2350.0,2350.0,2340.0,2350.0,56050200
2014-05-13,1339.35888671875,2360.0,2370.0,2340.0,2365.0,80149200
2014-05-14,1362.0599365234375,2400.0,2405.0,2360.0,2370.0,96626000
2014-05-16,1438.6756591796875,2535.0,2545.0,2410.0,2415.0,252322400
2014-05-19,1464.2147216796875,2580.0,2700.0,2490.0,2580.0,244436100
2014-05-20,1379.085693359375,2430.0,2520.0,2410.0,2430.0,262961500
2014-05-21,1407.4619140625,2480.0,2490.0,2400.0,2480.0,101823600
2014-05-22,1438.6756591796875,2535.0,2535.0,2500.0,2535.0,124011800
2014-05-23,1438.6756591796875,2535.0,2550.0,2520.0,2535.0,59352700
2014-05-26,1455.701416015625,2565.0,2575.0,2550.0,2565.0,91079700
2014-05-28,1447.188720703125,2550.0,2580.0,2545.0,2550.0,90559600
2014-05-30,1461.37646484375,2575.0,2575.0,2420.0,2575.0,373786200
2014-06-02,1430.162841796875,2520.0,2540.0,2470.0,2520.0,111564400
2014-06-03,1447.188720703125,2550.0,2550.0,2485.0,2550.0,97705600
2014-06-04,1430.162841796875,2520.0,2530.0,2490.0,2520.0,80454500
2014-06-05,1430.162841796875,2520.0,2540.0,2505.0,2540.0,64882300
2014-06-06,1435.838134765625,2530.0,2535.0,2500.0,2530.0,36933600
2014-06-09,1401.7867431640625,2470.0,2525.0,2470.0,2470.0,59547400
2014-06-10,1433.0003662109375,2525.0,2540.0,2470.0,2525.0,101770500
2014-06-11,1407.4619140625,2480.0,2545.0,2480.0,2480.0,110613700
2014-06-12,1364.8975830078125,2405.0,2495.0,2405.0,2405.0,328669200
2014-06-13,1384.760986328125,2440.0,2455.0,2415.0,2440.0,159444900
2014-06-16,1367.7352294921875,2410.0,2445.0,2410.0,2410.0,95196000
2014-06-17,1373.4105224609375,2420.0,2420.0,2405.0,2420.0,68543600
2014-06-18,1373.4105224609375,2420.0,2425.0,2410.0,2420.0,60813100
2014-06-19,1367.7352294921875,2410.0,2440.0,2410.0,2410.0,77751600
2014-06-20,1367.7352294921875,2410.0,2445.0,2410.0,2410.0,71742300
2014-06-23,1393.273681640625,2455.0,2480.0,2430.0,2455.0,193417000
2014-06-24,1398.9488525390625,2465.0,2465.0,2445.0,2465.0,75033300
2014-06-25,1390.4361572265625,2450.0,2485.0,2445.0,2450.0,98327500
2014-06-26,1398.9488525390625,2465.0,2475.0,2450.0,2465.0,81592000
2014-06-27,1376.248046875,2425.0,2475.0,2415.0,2425.0,77788000
2014-06-30,1398.9488525390625,2465.0,2465.0,2430.0,2465.0,90405800
2014-07-01,1407.4619140625,2480.0,2480.0,2465.0,2480.0,46366400
2014-07-02,1418.8126220703125,2500.0,2500.0,2475.0,2500.0,44555300
2014-07-03,1404.624267578125,2475.0,2515.0,2465.0,2475.0,72541800
2014-07-04,1433.0003662109375,2525.0,2540.0,2475.0,2525.0,96433200
2014-07-07,1475.56494140625,2600.0,2600.0,2530.0,2600.0,225720400
2014-07-08,1484.0777587890625,2615.0,2710.0,2615.0,2615.0,151662700
2014-07-09,1484.0777587890625,2615.0,2615.0,2615.0,2615.0,0
2014-07-10,1469.889892578125,2590.0,2710.0,2545.0,2590.0,203913800
2014-07-11,1461.37646484375,2575.0,2595.0,2530.0,2575.0,95574900
2014-07-14,1481.2403564453125,2610.0,2645.0,2585.0,2610.0,92353400
2014-07-15,1506.77880859375,2655.0,2655.0,2625.0,2655.0,57478500
2014-07-16,1503.9412841796875,2650.0,2685.0,2620.0,2650.0,63715000
2014-07-17,1501.1036376953125,2645.0,2680.0,2580.0,2645.0,38558900
2014-07-18,1520.966796875,2680.0,2695.0,2600.0,2680.0,54707100
2014-07-21,1529.479736328125,2695.0,2710.0,2645.0,2695.0,57838800
2014-07-22,1503.9412841796875,2650.0,2710.0,2545.0,2650.0,139581700
2014-07-23,1481.2403564453125,2610.0,2675.0,2605.0,2610.0,93196200
2014-07-24,1498.265869140625,2640.0,2685.0,2605.0,2640.0,74463900
2014-07-25,1503.9412841796875,2650.0,2680.0,2630.0,2650.0,79928300
2014-08-04,1526.64208984375,2690.0,2700.0,2590.0,2690.0,212200700
2014-08-05,1537.992431640625,2710.0,2725.0,2685.0,2710.0,97982300
2014-08-06,1506.77880859375,2655.0,2710.0,2650.0,2655.0,83111900
2014-08-07,1526.64208984375,2690.0,2695.0,2655.0,2690.0,80249800
2014-08-08,1532.3172607421875,2700.0,2710.0,2685.0,2700.0,57236300
2014-08-11,1560.693603515625,2750.0,2750.0,2710.0,2750.0,90542400
2014-08-12,1577.7193603515625,2780.0,2795.0,2760.0,2780.0,60480700
2014-08-13,1580.556884765625,2785.0,2800.0,2760.0,2785.0,65911700
2014-08-14,1563.531005859375,2755.0,2795.0,2725.0,2755.0,72099000
2014-08-15,1537.992431640625,2710.0,2755.0,2710.0,2710.0,84090700
2014-08-18,1546.50537109375,2725.0,2750.0,2710.0,2725.0,64649900
2014-08-19,1532.3172607421875,2700.0,2760.0,2690.0,2700.0,110696600
2014-08-20,1546.50537109375,2725.0,2730.0,2690.0,2725.0,105459700
2014-08-21,1540.8302001953125,2715.0,2725.0,2700.0,2715.0,60147200
2014-08-22,1523.8043212890625,2685.0,2730.0,2670.0,2685.0,159319500
2014-08-25,1523.8043212890625,2685.0,2695.0,2660.0,2685.0,54567200
2014-08-26,1535.1551513671875,2705.0,2725.0,2690.0,2705.0,90485600
2014-08-27,1552.1806640625,2735.0,2745.0,2725.0,2735.0,103161100
2014-08-28,1543.6676025390625,2720.0,2760.0,2715.0,2720.0,82771400
2014-08-29,1512.4541015625,2665.0,2715.0,2665.0,2665.0,120072300
2014-09-01,1537.992431640625,2710.0,2710.0,2675.0,2710.0,76898600
2014-09-02,1532.3172607421875,2700.0,2710.0,2680.0,2700.0,63801700
2014-09-03,1546.50537109375,2725.0,2730.0,2710.0,2725.0,88023500
2014-09-04,1549.3431396484375,2730.0,2740.0,2715.0,2730.0,86470200
2014-09-05,1549.3431396484375,2730.0,2730.0,2710.0,2730.0,74071500
2014-09-08,1608.9332275390625,2835.0,2855.0,2750.0,2835.0,145103200
2014-09-09,1600.42041015625,2820.0,2835.0,2805.0,2820.0,87934500
2014-09-10,1594.7449951171875,2810.0,2820.0,2775.0,2810.0,57826600
2014-09-11,1586.2320556640625,2795.0,2830.0,2795.0,2795.0,60489000
2014-09-12,1583.3946533203125,2790.0,2815.0,2790.0,2790.0,69321000
2014-09-15,1574.8817138671875,2775.0,2785.0,2730.0,2775.0,69546200
2014-09-16,1586.2320556640625,2795.0,2800.0,2770.0,2795.0,62553100
2014-09-17,1617.446044921875,2850.0,2855.0,2800.0,2850.0,95342800
2014-09-18,1631.63427734375,2875.0,2890.0,2835.0,2875.0,75960400
2014-09-19,1671.361083984375,2945.0,3010.0,2870.0,2945.0,115537500
2014-09-22,1628.7965087890625,2870.0,2935.0,2860.0,2870.0,103910900
2014-09-23,1640.1470947265625,2890.0,2910.0,2865.0,2890.0,94035800
2014-09-24,1628.7965087890625,2870.0,2895.0,2870.0,2870.0,55014300
2014-09-25,1637.3095703125,2885.0,2895.0,2840.0,2885.0,69377000
2014-09-26,1634.4718017578125,2880.0,2890.0,2825.0,2880.0,71164500
2014-09-29,1651.4974365234375,2910.0,2910.0,2850.0,2910.0,52134000
2014-09-30,1654.335205078125,2915.0,2960.0,2900.0,2915.0,94734300
2014-10-01,1625.959228515625,2865.0,2930.0,2865.0,2865.0,94794900
2014-10-02,1566.368896484375,2760.0,2850.0,2740.0,2760.0,153859200
2014-10-03,1583.3946533203125,2790.0,2810.0,2765.0,2790.0,88591000
2014-10-06,1614.6083984375,2845.0,2850.0,2805.0,2845.0,50846100
2014-10-07,1623.1212158203125,2860.0,2900.0,2835.0,2860.0,83200800
2014-10-08,1589.0699462890625,2800.0,2860.0,2800.0,2800.0,78467600
2014-10-09,1589.0699462890625,2800.0,2825.0,2790.0,2800.0,60567100
2014-10-10,1574.8817138671875,2775.0,2795.0,2750.0,2775.0,91031000
2014-10-13,1574.8817138671875,2775.0,2825.0,2755.0,2775.0,85519000
2014-10-14,1574.8817138671875,2775.0,2800.0,2755.0,2775.0,65617400
2014-10-15,1620.2835693359375,2855.0,2860.0,2795.0,2855.0,181364400
2014-10-16,1591.907470703125,2805.0,2850.0,2805.0,2805.0,124799700
2014-10-17,1591.907470703125,2805.0,2830.0,2800.0,2805.0,156781200
2014-10-20,1614.6083984375,2845.0,2900.0,2820.0,2845.0,168034000
2014-10-21,1617.446044921875,2850.0,2890.0,2820.0,2850.0,97679500
2014-10-22,1623.1212158203125,2860.0,2900.0,2860.0,2860.0,91730800
2014-10-23,1634.4718017578125,2880.0,2890.0,2850.0,2880.0,47414900
2014-10-24,1628.7965087890625,2870.0,2880.0,2860.0,2870.0,59625800
2014-10-27,1591.907470703125,2805.0,2880.0,2805.0,2805.0,74077900
2014-10-28,1523.8043212890625,2685.0,2765.0,2680.0,2685.0,254463000
2014-10-29,1543.6676025390625,2720.0,2730.0,2690.0,2720.0,158998500
2014-10-30,1566.368896484375,2760.0,2765.0,2730.0,2760.0,111621300
2014-10-31,1560.693603515625,2750.0,2790.0,2735.0,2750.0,103439800
2014-11-03,1566.368896484375,2760.0,2775.0,2720.0,2760.0,84382000
2014-11-04,1555.0184326171875,2740.0,2760.0,2735.0,2740.0,68740200
2014-11-05,1555.0184326171875,2740.0,2770.0,2735.0,2740.0,66505800
2014-11-06,1537.992431640625,2710.0,2750.0,2710.0,2710.0,83250500
2014-11-07,1484.0777587890625,2615.0,2705.0,2590.0,2615.0,178677800
2014-11-10,1492.5908203125,2630.0,2660.0,2620.0,2630.0,54606100
2014-11-11,1540.8302001953125,2715.0,2730.0,2630.0,2715.0,102320000
2014-11-12,1549.3431396484375,2730.0,2760.0,2730.0,2730.0,70895600
2014-11-13,1552.1806640625,2735.0,2740.0,2710.0,2735.0,54327800
2014-11-14,1555.0184326171875,2740.0,2760.0,2725.0,2740.0,53677200
2014-11-17,1560.693603515625,2750.0,2760.0,2700.0,2740.0,85231600
2014-11-18,1563.531005859375,2755.0,2760.0,2745.0,2755.0,49793900
2014-11-19,1574.8817138671875,2775.0,2780.0,2755.0,2775.0,99747600
2014-11-20,1543.6676025390625,2720.0,2780.0,2720.0,2720.0,136427900
2014-11-21,1569.206298828125,2765.0,2770.0,2715.0,2765.0,44937600
2014-11-24,1597.5826416015625,2815.0,2815.0,2775.0,2815.0,94476900
2014-11-25,1580.556884765625,2785.0,2805.0,2775.0,2785.0,86579400
2014-11-26,1597.5826416015625,2815.0,2825.0,2785.0,2815.0,67759400
2014-11-27,1594.7449951171875,2810.0,2825.0,2790.0,2810.0,33290800
2014-11-28,1603.2579345703125,2825.0,2830.0,2800.0,2825.0,43622400
2014-12-01,1634.4718017578125,2880.0,2885.0,2825.0,2835.0,101929900
2014-12-02,1631.63427734375,2875.0,2890.0,2850.0,2885.0,52989900
2014-12-03,1617.446044921875,2850.0,2890.0,2850.0,2890.0,41398100
2014-12-04,1614.6083984375,2845.0,2875.0,2830.0,2875.0,43817900
2014-12-05,1611.770751953125,2840.0,2865.0,2840.0,2865.0,19174900
2014-12-08,1591.907470703125,2805.0,2875.0,2795.0,2875.0,48968000
2014-12-09,1586.2320556640625,2795.0,2815.0,2780.0,2790.0,66592500
2014-12-10,1608.9332275390625,2835.0,2840.0,2785.0,2785.0,46563600
2014-12-11,1608.9332275390625,2835.0,2850.0,2805.0,2805.0,95382900
2014-12-12,1603.2579345703125,2825.0,2840.0,2815.0,2835.0,83571700
2014-12-15,1580.556884765625,2785.0,2815.0,2765.0,2790.0,87239500
2014-12-16,1557.8555908203125,2745.0,2765.0,2730.0,2750.0,98264700
2014-12-17,1546.50537109375,2725.0,2775.0,2725.0,2775.0,83776100
2014-12-18,1589.0699462890625,2800.0,2805.0,2765.0,2775.0,59245400
2014-12-19,1597.5826416015625,2815.0,2855.0,2815.0,2840.0,83810000
2014-12-22,1603.2579345703125,2825.0,2850.0,2815.0,2845.0,80557400
2014-12-23,1603.2579345703125,2825.0,2835.0,2805.0,2805.0,74379400
2014-12-24,1614.6083984375,2845.0,2850.0,2820.0,2820.0,37565300
2014-12-29,1617.446044921875,2850.0,2860.0,2840.0,2840.0,26201100
2014-12-30,1625.959228515625,2865.0,2870.0,2830.0,2830.0,65397600
2015-01-02,1623.1212158203125,2860.0,2885.0,2850.0,2885.0,18992100
2015-01-05,1608.9332275390625,2835.0,2850.0,2820.0,2850.0,49940700
2015-01-06,1597.5826416015625,2815.0,2835.0,2800.0,2810.0,47892100
2015-01-07,1594.7449951171875,2810.0,2870.0,2795.0,2865.0,70076600
2015-01-08,1608.9332275390625,2835.0,2845.0,2825.0,2840.0,56582500
2015-01-09,1623.1212158203125,2860.0,2865.0,2840.0,2840.0,71331300
2015-01-12,1608.9332275390625,2835.0,2855.0,2835.0,2840.0,62085500
2015-01-13,1611.770751953125,2840.0,2845.0,2825.0,2830.0,64069900
2015-01-14,1603.2579345703125,2825.0,2845.0,2825.0,2845.0,39651700
2015-01-15,1606.095458984375,2830.0,2840.0,2810.0,2830.0,42518800
2015-01-16,1614.6083984375,2845.0,2845.0,2825.0,2845.0,24697100
2015-01-19,1620.2835693359375,2855.0,2855.0,2845.0,2850.0,25072900
2015-01-20,1645.8223876953125,2900.0,2900.0,2845.0,2860.0,64564800
2015-01-21,1654.335205078125,2915.0,2920.0,2890.0,2900.0,71615600
2015-01-22,1634.4718017578125,2880.0,2930.0,2870.0,2925.0,59087800
2015-01-23,1640.1470947265625,2890.0,2905.0,2870.0,2900.0,86233100
2015-01-26,1600.42041015625,2820.0,2895.0,2795.0,2895.0,199320200
2015-01-27,1606.095458984375,2830.0,2835.0,2780.0,2820.0,118430700
2015-01-28,1614.6083984375,2845.0,2855.0,2825.0,2840.0,104502400
2015-01-29,1623.1212158203125,2860.0,2865.0,2845.0,2855.0,47048700
2015-01-30,1606.095458984375,2830.0,2875.0,2830.0,2875.0,80087700
2015-02-02,1591.907470703125,2805.0,2830.0,2800.0,2830.0,125835700
2015-02-03,1603.2579345703125,2825.0,2825.0,2805.0,2825.0,73596500
2015-02-04,1614.6083984375,2845.0,2850.0,2830.0,2850.0,110119200
2015-02-05,1597.5826416015625,2815.0,2845.0,2800.0,2840.0,127917300
2015-02-06,1606.095458984375,2830.0,2845.0,2805.0,2820.0,89312200
2015-02-09,1623.1212158203125,2860.0,2875.0,2820.0,2830.0,99107100
2015-02-10,1614.6083984375,2845.0,2875.0,2835.0,2875.0,70239800
2015-02-11,1623.1212158203125,2860.0,2870.0,2850.0,2860.0,94908700
2015-02-12,1642.984619140625,2895.0,2905.0,2860.0,2865.0,132387000
2015-02-13,1691.2244873046875,2980.0,3020.0,2915.0,2915.0,183459600
2015-02-16,1640.1470947265625,2890.0,2995.0,2880.0,2970.0,100706300
2015-02-17,1642.984619140625,2895.0,2905.0,2870.0,2870.0,42045700
2015-02-18,1642.984619140625,2895.0,2925.0,2890.0,2915.0,57476200
2015-02-20,1640.1470947265625,2890.0,2940.0,2890.0,2920.0,68329800
2015-02-23,1651.4974365234375,2910.0,2925.0,2900.0,2920.0,67998800
2015-02-24,1648.6597900390625,2905.0,2935.0,2890.0,2900.0,65077400
2015-02-25,1685.5489501953125,2970.0,2970.0,2910.0,2920.0,102010900
2015-02-26,1688.38671875,2975.0,2990.0,2945.0,2955.0,86738700
2015-02-27,1665.685546875,2935.0,2990.0,2935.0,2985.0,88614600
2015-03-02,1674.1986083984375,2950.0,2960.0,2935.0,2945.0,114431500
2015-03-03,1671.361083984375,2945.0,2965.0,2930.0,2960.0,78333100
2015-03-04,1651.4974365234375,2910.0,2945.0,2900.0,2945.0,58543500
2015-03-05,1651.4974365234375,2910.0,2945.0,2900.0,2910.0,73255400
2015-03-06,1694.0618896484375,2985.0,2985.0,2935.0,2945.0,129544600
2015-03-09,1671.361083984375,2945.0,2975.0,2915.0,2975.0,85028700
2015-03-10,1671.361083984375,2945.0,2970.0,2915.0,2925.0,85398800
2015-03-11,1668.523193359375,2940.0,2975.0,2930.0,2940.0,89149900
2015-03-12,1660.0101318359375,2925.0,2945.0,2920.0,2925.0,54873400
2015-03-13,1677.035888671875,2955.0,2980.0,2935.0,2960.0,80727100
2015-03-16,1688.38671875,2975.0,2995.0,2945.0,2945.0,66012100
2015-03-17,1677.035888671875,2955.0,2995.0,2950.0,2980.0,98966500
2015-03-18,1674.1986083984375,2950.0,2965.0,2935.0,2940.0,61172400
2015-03-19,1674.1986083984375,2950.0,2970.0,2940.0,2965.0,120859000
2015-03-20,1657.1729736328125,2920.0,2945.0,2915.0,2930.0,122734000
2015-03-23,1657.1729736328125,2920.0,2940.0,2920.0,2940.0,46260000
2015-03-24,1657.1729736328125,2920.0,2940.0,2915.0,2920.0,84436600
2015-03-25,1634.4718017578125,2880.0,2920.0,2870.0,2920.0,90305000
2015-03-26,1594.7449951171875,2810.0,2860.0,2805.0,2850.0,143902100
2015-03-27,1594.7449951171875,2810.0,2855.0,2770.0,2785.0,89433400
2015-03-30,1625.959228515625,2865.0,2895.0,2835.0,2840.0,94090000
2015-03-31,1640.1470947265625,2890.0,2920.0,2850.0,2895.0,152587300
2015-04-01,1608.9332275390625,2835.0,2890.0,2810.0,2885.0,121823100
2015-04-02,1603.2579345703125,2825.0,2850.0,2815.0,2815.0,58307700
2015-04-06,1608.9332275390625,2835.0,2850.0,2825.0,2845.0,37566400
2015-04-07,1620.2835693359375,2855.0,2870.0,2825.0,2845.0,42248600
2015-04-08,1623.1212158203125,2860.0,2870.0,2850.0,2855.0,75592900
2015-04-09,1611.770751953125,2840.0,2860.0,2825.0,2860.0,54399400
2015-04-10,1603.2579345703125,2825.0,2840.0,2815.0,2840.0,96568900
2015-04-13,1586.2320556640625,2795.0,2825.0,2795.0,2795.0,100020600
2015-04-14,1586.2320556640625,2795.0,2815.0,2785.0,2805.0,95556600
2015-04-15,1591.907470703125,2805.0,2810.0,2785.0,2795.0,71986200
2015-04-16,1594.7449951171875,2810.0,2820.0,2800.0,2820.0,68907100
2015-04-17,1591.907470703125,2805.0,2815.0,2800.0,2805.0,92635400
2015-04-20,1608.9332275390625,2835.0,2835.0,2795.0,2815.0,99750500
2015-04-21,1608.9332275390625,2835.0,2835.0,2805.0,2825.0,64048600
2015-04-22,1606.095458984375,2830.0,2840.0,2815.0,2820.0,71023000
2015-04-23,1620.2835693359375,2855.0,2870.0,2830.0,2835.0,132575300
2015-04-24,1648.6597900390625,2905.0,2910.0,2855.0,2855.0,139047700
2015-04-27,1645.416015625,2810.0,2860.0,2805.0,2860.0,104273400
2015-04-28,1633.7047119140625,2790.0,2795.0,2750.0,2790.0,87476800
2015-04-29,1581.004638671875,2700.0,2790.0,2595.0,2780.0,162306400
2015-04-30,1531.232177734375,2615.0,2730.0,2615.0,2715.0,219284700
2015-05-04,1619.0657958984375,2765.0,2775.0,2620.0,2620.0,108362400
2015-05-05,1610.28271484375,2750.0,2785.0,2725.0,2760.0,111364100
2015-05-06,1621.993408203125,2770.0,2770.0,2695.0,2735.0,96327600
2015-05-07,1657.127197265625,2830.0,2850.0,2745.0,2745.0,90057500
2015-05-08,1674.6937255859375,2860.0,2885.0,2830.0,2840.0,85973400
2015-05-11,1665.910400390625,2845.0,2895.0,2845.0,2880.0,71652100
2015-05-12,1639.5601806640625,2800.0,2865.0,2795.0,2840.0,78810300
2015-05-13,1660.0546875,2835.0,2850.0,2785.0,2800.0,55295400
2015-05-15,1662.9827880859375,2840.0,2840.0,2785.0,2810.0,104423300
2015-05-18,1657.127197265625,2830.0,2830.0,2795.0,2800.0,81337900
2015-05-19,1657.127197265625,2830.0,2835.0,2800.0,2825.0,85492700
2015-05-20,1660.0546875,2835.0,2850.0,2830.0,2835.0,71445300
2015-05-21,1668.838134765625,2850.0,2880.0,2835.0,2850.0,85759800
2015-05-22,1680.549560546875,2870.0,2880.0,2840.0,2860.0,44371000
2015-05-25,1657.127197265625,2830.0,2865.0,2830.0,2840.0,13907600
2015-05-26,1680.549560546875,2870.0,2880.0,2830.0,2830.0,47703000
2015-05-27,1657.127197265625,2830.0,2865.0,2830.0,2845.0,46538800
2015-05-28,1671.7659912109375,2855.0,2870.0,2835.0,2835.0,59956100
2015-05-29,1665.910400390625,2845.0,2870.0,2835.0,2840.0,96994900
2015-06-01,1665.910400390625,2845.0,2870.0,2845.0,2870.0,27010300
2015-06-03,1683.477294921875,2875.0,2890.0,2830.0,2880.0,81717400
2015-06-04,1654.199462890625,2825.0,2865.0,2825.0,2830.0,61656400
2015-06-05,1671.7659912109375,2855.0,2870.0,2810.0,2810.0,50196500
2015-06-08,1671.7659912109375,2855.0,2855.0,2825.0,2840.0,43379600
2015-06-09,1657.127197265625,2830.0,2850.0,2815.0,2850.0,75284400
2015-06-10,1674.6937255859375,2860.0,2880.0,2855.0,2870.0,100286700
2015-06-11,1680.549560546875,2870.0,2880.0,2865.0,2870.0,41701100
2015-06-12,1668.838134765625,2850.0,2875.0,2840.0,2870.0,26165000
2015-06-15,1645.416015625,2810.0,2855.0,2810.0,2855.0,29292300
2015-06-16,1680.549560546875,2870.0,2885.0,2800.0,2805.0,81858300
2015-06-17,1683.477294921875,2875.0,2890.0,2865.0,2870.0,74970300
2015-06-18,1686.4051513671875,2880.0,2885.0,2865.0,2865.0,44777300
2015-06-19,1692.260498046875,2890.0,2890.0,2870.0,2870.0,54274000
2015-06-22,1660.0546875,2835.0,2885.0,2830.0,2875.0,51148100
2015-06-23,1668.838134765625,2850.0,2885.0,2845.0,2850.0,61388100
2015-06-24,1686.4051513671875,2880.0,2880.0,2860.0,2875.0,62913100
2015-06-25,1701.0443115234375,2905.0,2950.0,2875.0,2895.0,168574700
2015-06-26,1718.6104736328125,2935.0,2945.0,2920.0,2940.0,77630800
2015-06-29,1701.0443115234375,2905.0,2925.0,2865.0,2925.0,38632500
2015-06-30,1715.6826171875,2930.0,2955.0,2895.0,2900.0,132127400
2015-07-01,1709.8271484375,2920.0,2950.0,2920.0,2935.0,53547000
2015-07-02,1715.6826171875,2930.0,2945.0,2925.0,2930.0,74803300
2015-07-03,1715.6826171875,2930.0,2935.0,2910.0,2910.0,24948900
2015-07-06,1715.6826171875,2930.0,2940.0,2895.0,2925.0,32652400
2015-07-07,1680.549560546875,2870.0,2930.0,2870.0,2930.0,44500500
2015-07-08,1698.1162109375,2900.0,2950.0,2890.0,2950.0,100674400
2015-07-09,1683.477294921875,2875.0,2925.0,2845.0,2925.0,45051300
2015-07-10,1683.477294921875,2875.0,2900.0,2865.0,2900.0,56693900
2015-07-13,1692.260498046875,2890.0,2895.0,2875.0,2895.0,43617400
2015-07-14,1686.4051513671875,2880.0,2900.0,2880.0,2900.0,35288900
2015-07-15,1654.199462890625,2825.0,2890.0,2800.0,2870.0,84776900
2015-07-22,1677.6217041015625,2865.0,2920.0,2835.0,2880.0,161757100
2015-07-23,1665.910400390625,2845.0,2855.0,2830.0,2855.0,43284000
2015-07-24,1671.7659912109375,2855.0,2865.0,2830.0,2835.0,50080200
2015-07-27,1654.199462890625,2825.0,2855.0,2820.0,2855.0,67065700
2015-07-28,1665.910400390625,2845.0,2865.0,2825.0,2840.0,56580900
2015-07-29,1671.7659912109375,2855.0,2870.0,2845.0,2865.0,43291300
2015-07-30,1680.549560546875,2870.0,2895.0,2865.0,2875.0,63805300
2015-07-31,1721.53857421875,2940.0,2950.0,2870.0,2880.0,87348300
2015-08-03,1709.8271484375,2920.0,2940.0,2880.0,2940.0,86428100
2015-08-04,1683.477294921875,2875.0,2925.0,2875.0,2880.0,53123700
2015-08-05,1721.53857421875,2940.0,2940.0,2895.0,2920.0,75991400
2015-08-06,1715.6826171875,2930.0,2960.0,2930.0,2950.0,69266700
2015-08-07,1730.3218994140625,2955.0,2965.0,2935.0,2945.0,67858700
2015-08-10,1736.1776123046875,2965.0,2970.0,2935.0,2970.0,53349200
2015-08-11,1721.53857421875,2940.0,2965.0,2905.0,2950.0,61717200
2015-08-12,1639.5601806640625,2800.0,2900.0,2785.0,2900.0,89375300
2015-08-13,1654.199462890625,2825.0,2860.0,2805.0,2810.0,77677400
2015-08-14,1683.477294921875,2875.0,2900.0,2825.0,2825.0,56381100
2015-08-18,1683.477294921875,2875.0,2890.0,2850.0,2870.0,93592100
2015-08-19,1686.4051513671875,2880.0,2900.0,2860.0,2860.0,62106400
2015-08-20,1680.549560546875,2870.0,2880.0,2835.0,2875.0,57510300
2015-08-21,1598.5712890625,2730.0,2850.0,2730.0,2850.0,98927300
2015-08-24,1557.5823974609375,2660.0,2750.0,2600.0,2625.0,92467600
2015-08-25,1583.9324951171875,2705.0,2770.0,2650.0,2650.0,98001800
2015-08-26,1575.14892578125,2690.0,2695.0,2590.0,2690.0,174946300
2015-08-27,1657.127197265625,2830.0,2840.0,2700.0,2700.0,116570700
2015-08-28,1677.6217041015625,2865.0,2870.0,2820.0,2835.0,121094900
2015-08-31,1680.549560546875,2870.0,2885.0,2840.0,2855.0,128880800
2015-09-01,1657.127197265625,2830.0,2875.0,2830.0,2865.0,47176700
2015-09-02,1624.921142578125,2775.0,2810.0,2765.0,2790.0,84858200
2015-09-03,1639.5601806640625,2800.0,2820.0,2785.0,2805.0,29988900
2015-09-04,1645.416015625,2810.0,2820.0,2800.0,2800.0,38478400
2015-09-07,1581.004638671875,2700.0,2765.0,2695.0,2760.0,53535900
2015-09-08,1598.5712890625,2730.0,2740.0,2680.0,2680.0,35420600
2015-09-09,1598.5712890625,2730.0,2755.0,2730.0,2750.0,77359400
2015-09-10,1619.0657958984375,2765.0,2785.0,2705.0,2720.0,64256500
2015-09-11,1616.1378173828125,2760.0,2800.0,2760.0,2800.0,28864200
2015-09-14,1630.7769775390625,2785.0,2800.0,2765.0,2800.0,34577600
2015-09-15,1586.8602294921875,2710.0,2770.0,2710.0,2755.0,28528700
2015-09-16,1592.7156982421875,2720.0,2745.0,2700.0,2720.0,32023700
2015-09-17,1569.29345703125,2680.0,2710.0,2655.0,2700.0,110693400
2015-09-18,1575.14892578125,2690.0,2720.0,2675.0,2690.0,119461900
2015-09-21,1598.5712890625,2730.0,2735.0,2680.0,2690.0,39502900
2015-09-22,1581.004638671875,2700.0,2745.0,2695.0,2735.0,52305600
2015-09-23,1554.654541015625,2655.0,2700.0,2655.0,2665.0,36091900
2015-09-25,1554.654541015625,2655.0,2775.0,2640.0,2720.0,63639600
2015-09-28,1522.4488525390625,2600.0,2645.0,2600.0,2620.0,20695500
2015-09-29,1525.3765869140625,2605.0,2605.0,2485.0,2550.0,69456600
2015-09-30,1548.7987060546875,2645.0,2645.0,2565.0,2580.0,89608600
2015-10-01,1540.0155029296875,2630.0,2665.0,2610.0,2640.0,53417800
2015-10-02,1534.1600341796875,2620.0,2635.0,2600.0,2605.0,41421500
2015-10-05,1592.7156982421875,2720.0,2755.0,2615.0,2620.0,71562100
2015-10-06,1633.7047119140625,2790.0,2830.0,2735.0,2770.0,119008800
2015-10-07,1604.4268798828125,2740.0,2790.0,2700.0,2775.0,129685800
2015-10-08,1586.8602294921875,2710.0,2745.0,2710.0,2735.0,55225400
2015-10-09,1581.004638671875,2700.0,2750.0,2695.0,2730.0,75397000
2015-10-12,1578.0770263671875,2695.0,2720.0,2680.0,2695.0,79379100
2015-10-13,1545.87109375,2640.0,2700.0,2635.0,2695.0,93278200
2015-10-15,1572.220947265625,2685.0,2730.0,2660.0,2660.0,87325900
2015-10-16,1569.29345703125,2680.0,2725.0,2675.0,2725.0,73264100
2015-10-19,1592.7156982421875,2720.0,2730.0,2685.0,2700.0,54806100
2015-10-20,1586.8602294921875,2710.0,2760.0,2680.0,2680.0,68821200
2015-10-21,1598.5712890625,2730.0,2765.0,2715.0,2745.0,44455600
2015-10-22,1604.4268798828125,2740.0,2755.0,2710.0,2720.0,37608800
2015-10-23,1616.1378173828125,2760.0,2785.0,2730.0,2780.0,84717200
2015-10-26,1642.4879150390625,2805.0,2825.0,2770.0,2790.0,74714100
2015-10-27,1636.632568359375,2795.0,2800.0,2755.0,2800.0,36482200
2015-10-28,1636.632568359375,2795.0,2805.0,2765.0,2765.0,46129600
2015-10-29,1598.5712890625,2730.0,2795.0,2720.0,2795.0,100875400
2015-10-30,1569.29345703125,2680.0,2760.0,2680.0,2750.0,97802800
2015-11-02,1604.4268798828125,2740.0,2765.0,2700.0,2700.0,47693000
2015-11-03,1604.4268798828125,2740.0,2750.0,2715.0,2720.0,52631300
2015-11-04,1598.5712890625,2730.0,2755.0,2725.0,2740.0,62262700
2015-11-05,1583.9324951171875,2705.0,2750.0,2705.0,2740.0,40649100
2015-11-06,1601.499267578125,2735.0,2765.0,2730.0,2735.0,42300300
2015-11-09,1598.5712890625,2730.0,2740.0,2700.0,2740.0,28610100
2015-11-10,1578.0770263671875,2695.0,2725.0,2695.0,2700.0,71540600
2015-11-11,1560.5101318359375,2665.0,2700.0,2660.0,2680.0,45329300
2015-11-12,1589.7879638671875,2715.0,2740.0,2675.0,2700.0,67582900
2015-11-13,1613.21044921875,2755.0,2780.0,2700.0,2705.0,85542600
2015-11-16,1592.7156982421875,2720.0,2740.0,2720.0,2730.0,39014100
2015-11-17,1648.343994140625,2815.0,2850.0,2740.0,2750.0,107165000
2015-11-18,1668.838134765625,2850.0,2865.0,2825.0,2840.0,83841800
2015-11-19,1648.343994140625,2815.0,2880.0,2805.0,2865.0,74695200
2015-11-20,1706.8992919921875,2915.0,2920.0,2805.0,2805.0,80693900
2015-11-23,1639.5601806640625,2800.0,2950.0,2800.0,2935.0,58469900
2015-11-24,1680.549560546875,2870.0,2890.0,2850.0,2880.0,52299500
2015-11-25,1698.1162109375,2900.0,2925.0,2860.0,2890.0,72999200
2015-11-26,1727.394287109375,2950.0,2955.0,2890.0,2895.0,79959900
2015-11-27,1733.24951171875,2960.0,2970.0,2945.0,2960.0,64313600
2015-11-30,1715.6826171875,2930.0,2980.0,2900.0,2900.0,248674100
2015-12-01,1721.53857421875,2940.0,2990.0,2925.0,2955.0,114946900
2015-12-02,1739.10546875,2970.0,2980.0,2935.0,2935.0,79848900
2015-12-03,1777.1663818359375,3035.0,3095.0,2955.0,2955.0,126393400
2015-12-04,1756.672119140625,3000.0,3020.0,2990.0,3005.0,94131500
2015-12-07,1774.23828125,3030.0,3060.0,3000.0,3000.0,78108300
2015-12-08,1765.4549560546875,3015.0,3070.0,3000.0,3015.0,129096000
2015-12-09,1765.4549560546875,3015.0,3015.0,3015.0,3015.0,0
2015-12-10,1762.52734375,3010.0,3020.0,2950.0,2950.0,144523200
2015-12-11,1727.394287109375,2950.0,3025.0,2950.0,3020.0,77701000
2015-12-14,1715.6826171875,2930.0,2955.0,2900.0,2900.0,83862900
2015-12-15,1721.53857421875,2940.0,2955.0,2910.0,2930.0,54346400
2015-12-16,1780.093994140625,3040.0,3085.0,2960.0,3085.0,96852000
2015-12-17,1829.866455078125,3125.0,3125.0,3040.0,3100.0,85716700
2015-12-18,1791.80517578125,3060.0,3090.0,3050.0,3080.0,89447600
2015-12-21,1821.0831298828125,3110.0,3115.0,3040.0,3060.0,80764000
2015-12-22,1835.72216796875,3135.0,3135.0,3100.0,3100.0,68929200
2015-12-23,1821.0831298828125,3110.0,3145.0,3020.0,3075.0,92014400
2015-12-28,1826.9385986328125,3120.0,3170.0,3090.0,3090.0,47634200
2015-12-29,1812.2998046875,3095.0,3120.0,3075.0,3100.0,38486500
2015-12-30,1818.155029296875,3105.0,3135.0,3100.0,3100.0,40956100
2016-01-04,1838.649658203125,3140.0,3175.0,3080.0,3080.0,53937600
2016-01-05,1870.8558349609375,3195.0,3225.0,3125.0,3125.0,111298000
2016-01-06,1903.0614013671875,3250.0,3385.0,3220.0,3250.0,126669200
2016-01-07,1879.6390380859375,3210.0,3250.0,3155.0,3200.0,106056300
2016-01-08,1841.5775146484375,3145.0,3190.0,3130.0,3170.0,121217800
2016-01-11,1791.80517578125,3060.0,3125.0,3060.0,3090.0,89758100
2016-01-12,1841.5775146484375,3145.0,3205.0,3080.0,3085.0,116904200
2016-01-13,1867.9276123046875,3190.0,3250.0,3170.0,3195.0,74269100
2016-01-14,1835.72216796875,3135.0,3215.0,3100.0,3100.0,106684400
2016-01-15,1806.4444580078125,3085.0,3155.0,3085.0,3135.0,88290900
2016-01-18,1806.4444580078125,3085.0,3130.0,3045.0,3060.0,37695300
2016-01-19,1821.0831298828125,3110.0,3135.0,3075.0,3075.0,57336800
2016-01-20,1809.3720703125,3090.0,3130.0,3090.0,3095.0,65971300
2016-01-21,1812.2998046875,3095.0,3155.0,3090.0,3110.0,75613700
2016-01-22,1864.999755859375,3185.0,3185.0,3115.0,3155.0,83961900
2016-01-25,1876.711181640625,3205.0,3250.0,3185.0,3230.0,85792900
2016-01-26,1888.4222412109375,3225.0,3230.0,3190.0,3205.0,88825300
2016-01-27,1914.7723388671875,3270.0,3270.0,3215.0,3235.0,58542700
2016-01-28,1908.916748046875,3260.0,3280.0,3210.0,3270.0,76642400
2016-01-29,1955.761474609375,3340.0,3340.0,3230.0,3290.0,123511400
2016-02-01,1949.9058837890625,3330.0,3375.0,3290.0,3290.0,132389600
2016-02-02,1894.2777099609375,3235.0,3320.0,3235.0,3280.0,85894700
2016-02-03,1917.699951171875,3275.0,3275.0,3180.0,3200.0,65149900
2016-02-04,1961.6170654296875,3350.0,3455.0,3305.0,3310.0,121904700
2016-02-05,2049.45068359375,3500.0,3510.0,3370.0,3370.0,110951000
2016-02-09,1976.255615234375,3375.0,3430.0,3360.0,3430.0,71371200
2016-02-10,1982.111328125,3385.0,3390.0,3320.0,3320.0,83792500
2016-02-11,2008.461669921875,3430.0,3450.0,3365.0,3385.0,109097100
2016-02-12,1923.5556640625,3285.0,3410.0,3260.0,3405.0,153723600
2016-02-15,1946.9781494140625,3325.0,3340.0,3280.0,3310.0,104800500
2016-02-16,1952.8338623046875,3335.0,3340.0,3305.0,3310.0,43892400
2016-02-17,1952.8338623046875,3335.0,3355.0,3310.0,3320.0,81659100
2016-02-18,1941.122314453125,3315.0,3355.0,3295.0,3335.0,94576000
2016-02-19,1870.8558349609375,3195.0,3315.0,3160.0,3315.0,179256500
2016-02-22,1862.072021484375,3180.0,3210.0,3140.0,3185.0,105477300
2016-02-23,1885.494384765625,3220.0,3250.0,3170.0,3190.0,67743800
2016-02-24,1891.3497314453125,3230.0,3240.0,3175.0,3195.0,69789500
2016-02-25,1932.339111328125,3300.0,3310.0,3210.0,3245.0,95590800
2016-02-26,1938.1944580078125,3310.0,3340.0,3290.0,3340.0,53507400
2016-02-29,1903.0614013671875,3250.0,3340.0,3245.0,3340.0,102104500
2016-03-01,1929.4112548828125,3295.0,3295.0,3250.0,3250.0,63318600
2016-03-02,1955.761474609375,3340.0,3370.0,3325.0,3340.0,110289200
2016-03-03,2008.461669921875,3430.0,3430.0,3355.0,3375.0,107648600
2016-03-04,1999.677734375,3415.0,3435.0,3330.0,3435.0,87747700
2016-03-07,1987.9671630859375,3395.0,3420.0,3360.0,3400.0,63623500
2016-03-08,1985.039306640625,3390.0,3415.0,3330.0,3380.0,109167700
2016-03-10,1941.122314453125,3315.0,3350.0,3265.0,3345.0,163244500
2016-03-11,1941.122314453125,3315.0,3315.0,3315.0,3315.0,0
2016-03-14,1941.122314453125,3315.0,3315.0,3315.0,3315.0,0
2016-03-15,1979.1837158203125,3380.0,3450.0,3350.0,3440.0,95058500
2016-03-16,2014.31689453125,3440.0,3440.0,3370.0,3390.0,45874600
2016-03-17,2023.1004638671875,3455.0,3470.0,3440.0,3460.0,81984200
2016-03-18,2026.02783203125,3460.0,3500.0,3430.0,3455.0,141609900
2016-03-21,2031.883544921875,3470.0,3485.0,3450.0,3460.0,55410700
2016-03-22,2002.6060791015625,3420.0,3460.0,3385.0,3440.0,123088800
2016-03-23,1935.2666015625,3305.0,3380.0,3300.0,3380.0,201671300
2016-03-24,1946.9781494140625,3325.0,3360.0,3295.0,3300.0,106657100
2016-03-28,1935.2666015625,3305.0,3340.0,3280.0,3325.0,60692300
2016-03-29,1932.339111328125,3300.0,3335.0,3280.0,3310.0,117103200
2016-03-30,1958.689208984375,3345.0,3380.0,3330.0,3330.0,140480200
2016-03-31,1946.9781494140625,3325.0,3355.0,3300.0,3345.0,120747500
2016-04-01,1961.6170654296875,3350.0,3350.0,3305.0,3330.0,79809200
2016-04-04,1979.1837158203125,3380.0,3380.0,3345.0,3350.0,69422300
2016-04-05,1976.255615234375,3375.0,3400.0,3360.0,3365.0,69798700
2016-04-06,1993.822509765625,3405.0,3410.0,3370.0,3385.0,63554500
2016-04-07,1990.89453125,3400.0,3430.0,3400.0,3420.0,77205400
2016-04-08,2017.2447509765625,3445.0,3445.0,3350.0,3350.0,54809700
2016-04-11,2017.2447509765625,3445.0,3445.0,3445.0,3445.0,0
2016-04-12,1990.89453125,3400.0,3400.0,3350.0,3375.0,52196200
2016-04-13,1990.89453125,3400.0,3400.0,3400.0,3400.0,0
2016-04-14,1990.89453125,3400.0,3400.0,3400.0,3400.0,0
2016-04-15,1990.89453125,3400.0,3400.0,3400.0,3400.0,0
2016-04-18,1990.89453125,3400.0,3400.0,3400.0,3400.0,0
2016-04-19,1990.89453125,3400.0,3400.0,3400.0,3400.0,0
2016-04-20,2099.222900390625,3585.0,3635.0,3555.0,3650.0,94939200
2016-04-21,2125.57275390625,3630.0,3675.0,3595.0,3675.0,94208900
2016-04-22,2157.7783203125,3685.0,3745.0,3610.0,3630.0,145345500
2016-04-25,2213.40673828125,3780.0,3810.0,3720.0,3750.0,114861000
2016-04-26,2134.3564453125,3645.0,3755.0,3635.0,3755.0,122013000
2016-04-27,2166.562255859375,3700.0,3705.0,3635.0,3650.0,74476000
2016-04-28,2105.078369140625,3595.0,3720.0,3575.0,3685.0,160377500
2016-04-29,2078.728515625,3550.0,3595.0,3530.0,3585.0,225310200
2016-05-02,2075.501953125,3450.0,3500.0,3410.0,3410.0,175519300
2016-05-03,2069.48583984375,3440.0,3520.0,3440.0,3460.0,156357700
2016-05-04,2099.565673828125,3490.0,3500.0,3420.0,3460.0,153451200
2016-05-09,2171.75732421875,3610.0,3690.0,3540.0,3550.0,157422300
2016-05-10,2225.90087890625,3700.0,3720.0,3660.0,3690.0,101558100
2016-05-11,2237.9326171875,3720.0,3750.0,3690.0,3720.0,84834700
2016-05-12,2261.996337890625,3760.0,3780.0,3700.0,3710.0,142320700
2016-05-13,2219.884521484375,3690.0,3790.0,3690.0,3790.0,85983800
2016-05-16,2237.9326171875,3720.0,3800.0,3690.0,3720.0,122085600
2016-05-17,2237.9326171875,3720.0,3770.0,3710.0,3750.0,64899500
2016-05-18,2249.964599609375,3740.0,3750.0,3720.0,3740.0,83954800
2016-05-19,2183.788818359375,3630.0,3730.0,3580.0,3720.0,116976600
2016-05-20,2189.8046875,3640.0,3700.0,3620.0,3650.0,90193000
2016-05-23,2231.9169921875,3710.0,3730.0,3660.0,3680.0,50914600
2016-05-24,2243.948486328125,3730.0,3760.0,3690.0,3690.0,57819500
2016-05-25,2274.028564453125,3780.0,3780.0,3730.0,3750.0,58455600
2016-05-26,2268.012451171875,3770.0,3800.0,3720.0,3800.0,37338500
2016-05-27,2261.996337890625,3760.0,3760.0,3720.0,3750.0,31023300
2016-05-30,2225.90087890625,3700.0,3790.0,3700.0,3760.0,23090100
2016-05-31,2225.90087890625,3700.0,3750.0,3670.0,3700.0,182229000
2016-06-01,2237.9326171875,3720.0,3770.0,3710.0,3730.0,67998100
2016-06-02,2268.012451171875,3770.0,3820.0,3720.0,3730.0,87912100
2016-06-03,2286.059814453125,3800.0,3840.0,3750.0,3820.0,62133700
2016-06-06,2334.187744140625,3880.0,3880.0,3810.0,3820.0,72380600
2016-06-07,2352.2353515625,3910.0,3930.0,3850.0,3880.0,86501400
2016-06-08,2280.04443359375,3790.0,3910.0,3710.0,3890.0,193251000
2016-06-09,2268.012451171875,3770.0,3820.0,3760.0,3810.0,113035900
2016-06-10,2255.98046875,3750.0,3800.0,3750.0,3790.0,53233600
2016-06-13,2261.996337890625,3760.0,3770.0,3720.0,3720.0,51886300
2016-06-14,2268.012451171875,3770.0,3780.0,3720.0,3750.0,43865800
2016-06-15,2292.07568359375,3810.0,3810.0,3750.0,3790.0,59658600
2016-06-16,2334.187744140625,3880.0,3880.0,3830.0,3840.0,90883500
2016-06-17,2340.203857421875,3890.0,3920.0,3860.0,3890.0,80835200
2016-06-20,2316.139892578125,3850.0,3890.0,3830.0,3870.0,54544000
2016-06-21,2328.171875,3870.0,3880.0,3840.0,3880.0,53484100
2016-06-22,2328.171875,3870.0,3890.0,3850.0,3880.0,62121300
2016-06-23,2322.155517578125,3860.0,3870.0,3830.0,3860.0,37990600
2016-06-24,2298.092041015625,3820.0,3890.0,3740.0,3880.0,87594500
2016-06-27,2310.1240234375,3840.0,3870.0,3780.0,3790.0,61613600
2016-06-28,2298.092041015625,3820.0,3900.0,3780.0,3860.0,169594500
2016-06-29,2388.331298828125,3970.0,3970.0,3850.0,3860.0,121327700
2016-06-30,2394.34716796875,3980.0,4010.0,3950.0,3950.0,96453900
2016-07-01,2388.331298828125,3970.0,4050.0,3950.0,4010.0,98381900
2016-07-11,2448.490966796875,4070.0,4250.0,4030.0,4080.0,270804800
2016-07-12,2466.53857421875,4100.0,4180.0,4020.0,4120.0,143787700
2016-07-13,2562.793701171875,4260.0,4260.0,4110.0,4260.0,95845300
2016-07-14,2472.5546875,4110.0,4170.0,4080.0,4150.0,131505700
2016-07-15,2526.697998046875,4200.0,4200.0,4090.0,4090.0,109258400
2016-07-18,2490.6025390625,4140.0,4190.0,4110.0,4180.0,53918600
2016-07-19,2502.634521484375,4160.0,4170.0,4130.0,4170.0,73777600
2016-07-20,2520.68212890625,4190.0,4190.0,4140.0,4180.0,47233600
2016-07-21,2478.570556640625,4120.0,4200.0,4120.0,4200.0,69990500
2016-07-22,2472.5546875,4110.0,4150.0,4090.0,4150.0,49795000
2016-07-25,2514.666015625,4180.0,4180.0,4120.0,4130.0,53817300
2016-07-26,2556.778076171875,4250.0,4280.0,4170.0,4200.0,85360000
2016-07-27,2610.92138671875,4340.0,4350.0,4260.0,4300.0,108887200
2016-07-28,2610.92138671875,4340.0,4380.0,4320.0,4340.0,90945600
2016-07-29,2544.745849609375,4230.0,4500.0,4230.0,4340.0,123234300
2016-08-01,2737.25634765625,4550.0,4570.0,4350.0,4350.0,138151900
2016-08-02,2628.968994140625,4370.0,4480.0,4370.0,4450.0,97621900
2016-08-03,2568.809326171875,4270.0,4380.0,4270.0,4350.0,108295900
2016-08-04,2598.8896484375,4320.0,4350.0,4280.0,4320.0,77484900
2016-08-05,2616.937255859375,4350.0,4360.0,4300.0,4340.0,58295600
2016-08-08,2647.016845703125,4400.0,4400.0,4340.0,4360.0,64572500
2016-08-09,2628.968994140625,4370.0,4430.0,4330.0,4410.0,65888400
2016-08-10,2598.8896484375,4320.0,4370.0,4270.0,4330.0,71874800
2016-08-11,2574.82568359375,4280.0,4350.0,4260.0,4350.0,91165100
2016-08-12,2544.745849609375,4230.0,4310.0,4170.0,4280.0,123190100
2016-08-15,2460.522705078125,4090.0,4230.0,4060.0,4210.0,126444800
2016-08-16,2490.6025390625,4140.0,4190.0,4090.0,4140.0,125421200
2016-08-18,2556.778076171875,4250.0,4260.0,4160.0,4190.0,199163900
2016-08-19,2490.6025390625,4140.0,4270.0,4120.0,4250.0,117134200
2016-08-22,2502.634521484375,4160.0,4170.0,4110.0,4160.0,90760300
2016-08-23,2538.730224609375,4220.0,4220.0,4080.0,4190.0,135968200
2016-08-24,2538.730224609375,4220.0,4250.0,4160.0,4180.0,77672300
2016-08-25,2538.730224609375,4220.0,4240.0,4200.0,4220.0,85476500
2016-08-26,2532.7138671875,4210.0,4230.0,4170.0,4200.0,55203100
2016-08-29,2490.6025390625,4140.0,4200.0,4120.0,4200.0,86940700
2016-08-30,2508.650146484375,4170.0,4190.0,4120.0,4140.0,89405700
2016-08-31,2532.7138671875,4210.0,4240.0,4150.0,4160.0,119001300
2016-09-01,2502.634521484375,4160.0,4210.0,4130.0,4150.0,73019400
2016-09-02,2526.697998046875,4200.0,4210.0,4120.0,4120.0,67797200
2016-09-05,2526.697998046875,4200.0,4240.0,4180.0,4200.0,49860400
2016-09-06,2550.761962890625,4240.0,4240.0,4190.0,4210.0,48004000
2016-09-07,2532.7138671875,4210.0,4240.0,4140.0,4240.0,80888800
2016-09-08,2502.634521484375,4160.0,4210.0,4160.0,4200.0,64125200
2016-09-09,2436.45849609375,4050.0,4160.0,4030.0,4150.0,120404300
2016-09-13,2436.45849609375,4050.0,4090.0,3980.0,4050.0,123714900
2016-09-14,2388.331298828125,3970.0,4050.0,3950.0,4050.0,107944800
2016-09-15,2490.6025390625,4140.0,4160.0,4000.0,4000.0,113131600
2016-09-16,2460.522705078125,4090.0,4220.0,4080.0,4140.0,138669100
2016-09-19,2526.697998046875,4200.0,4240.0,4130.0,4130.0,74240200
2016-09-20,2502.634521484375,4160.0,4220.0,4150.0,4150.0,88244400
2016-09-21,2526.697998046875,4200.0,4220.0,4100.0,4160.0,97627500
2016-09-22,2544.745849609375,4230.0,4270.0,4200.0,4250.0,159174700
2016-09-23,2544.745849609375,4230.0,4250.0,4170.0,4230.0,84251000
2016-09-26,2550.761962890625,4240.0,4250.0,4190.0,4200.0,78037000
2016-09-27,2574.82568359375,4280.0,4280.0,4170.0,4190.0,106582800
2016-09-28,2556.778076171875,4250.0,4270.0,4220.0,4220.0,66963300
2016-09-29,2580.84130859375,4290.0,4340.0,4230.0,4230.0,130275100
2016-09-30,2592.873291015625,4310.0,4400.0,4270.0,4290.0,137113000
2016-10-03,2634.9853515625,4380.0,4390.0,4310.0,4360.0,58639700
2016-10-04,2622.952880859375,4360.0,4400.0,4360.0,4380.0,69761200
2016-10-05,2586.857177734375,4300.0,4350.0,4280.0,4330.0,64563500
2016-10-06,2532.7138671875,4210.0,4300.0,4200.0,4280.0,83690900
2016-10-07,2526.697998046875,4200.0,4240.0,4170.0,4220.0,50796000
2016-10-10,2502.634521484375,4160.0,4230.0,4150.0,4180.0,33361000
2016-10-11,2502.634521484375,4160.0,4180.0,4120.0,4170.0,95073200
2016-10-12,2490.6025390625,4140.0,4160.0,4120.0,4130.0,77235200
2016-10-13,2514.666015625,4180.0,4190.0,4140.0,4150.0,95797800
2016-10-14,2532.7138671875,4210.0,4250.0,4180.0,4200.0,127750100
2016-10-17,2550.761962890625,4240.0,4250.0,4200.0,4200.0,62848500
2016-10-18,2544.745849609375,4230.0,4260.0,4220.0,4250.0,47811100
2016-10-19,2526.697998046875,4200.0,4250.0,4200.0,4230.0,39787500
2016-10-20,2526.697998046875,4200.0,4240.0,4180.0,4210.0,49146300
2016-10-21,2532.7138671875,4210.0,4240.0,4190.0,4200.0,32147200
2016-10-24,2538.730224609375,4220.0,4240.0,4190.0,4200.0,44928300
2016-10-25,2526.697998046875,4200.0,4220.0,4190.0,4200.0,70646400
2016-10-26,2520.68212890625,4190.0,4220.0,4180.0,4180.0,51043000
2016-10-27,2550.761962890625,4240.0,4260.0,4210.0,4220.0,59171100
2016-10-28,2544.745849609375,4230.0,4250.0,4220.0,4220.0,63978700
2016-10-31,2538.730224609375,4220.0,4250.0,4210.0,4230.0,87255800
2016-11-01,2526.697998046875,4200.0,4240.0,4200.0,4230.0,40526400
2016-11-02,2526.697998046875,4200.0,4240.0,4190.0,4200.0,65592600
2016-11-03,2496.6181640625,4150.0,4210.0,4120.0,4200.0,142513800
2016-11-04,2496.6181640625,4150.0,4160.0,4100.0,4120.0,94570400
2016-11-07,2496.6181640625,4150.0,4200.0,4130.0,4150.0,56762000
2016-11-08,2574.82568359375,4280.0,4300.0,4170.0,4170.0,73529000
2016-11-09,2478.570556640625,4120.0,4290.0,4110.0,4250.0,142550300
2016-11-10,2520.68212890625,4190.0,4220.0,4130.0,4180.0,197201200
2016-11-11,2382.3154296875,3960.0,4050.0,3910.0,4050.0,244873100
2016-11-14,2280.04443359375,3790.0,3880.0,3640.0,3850.0,331538800
2016-11-15,2310.1240234375,3840.0,3950.0,3760.0,3830.0,214754300
2016-11-16,2406.37890625,4000.0,4030.0,3900.0,3900.0,195298100
2016-11-17,2406.37890625,4000.0,4040.0,3950.0,3950.0,84236700
2016-11-18,2388.331298828125,3970.0,4030.0,3960.0,4020.0,98115300
2016-11-21,2364.26708984375,3930.0,3970.0,3920.0,3950.0,82463000
2016-11-22,2376.299560546875,3950.0,3970.0,3910.0,3920.0,69602800
2016-11-23,2370.283447265625,3940.0,3970.0,3920.0,3930.0,108352600
2016-11-24,2292.07568359375,3810.0,3930.0,3760.0,3900.0,91265600
2016-11-25,2304.107666015625,3830.0,3830.0,3770.0,3770.0,65999500
2016-11-28,2310.1240234375,3840.0,3860.0,3820.0,3850.0,61860400
2016-11-29,2310.1240234375,3840.0,3880.0,3830.0,3830.0,73215900
2016-11-30,2274.028564453125,3780.0,3900.0,3770.0,3820.0,145322000
2016-12-01,2322.155517578125,3860.0,3900.0,3810.0,3820.0,96825100
2016-12-02,2352.2353515625,3910.0,3960.0,3810.0,3820.0,68873200
2016-12-05,2382.3154296875,3960.0,4000.0,3890.0,3900.0,56831800
2016-12-06,2352.2353515625,3910.0,3960.0,3900.0,3930.0,67135100
2016-12-07,2316.139892578125,3850.0,3890.0,3820.0,3890.0,74498300
2016-12-08,2370.283447265625,3940.0,3940.0,3860.0,3880.0,80253900
2016-12-09,2382.3154296875,3960.0,3980.0,3910.0,3930.0,73229000
2016-12-13,2388.331298828125,3970.0,3970.0,3900.0,3920.0,85397800
2016-12-14,2358.25146484375,3920.0,3970.0,3910.0,3910.0,53216800
2016-12-15,2363.921875,3910.0,3940.0,3830.0,3840.0,58982800
2016-12-16,2309.50927734375,3820.0,3910.0,3820.0,3910.0,111038700
2016-12-19,2297.417724609375,3800.0,3890.0,3800.0,3850.0,64957800
2016-12-20,2255.09716796875,3730.0,3800.0,3710.0,3750.0,88601300
2016-12-21,2285.325927734375,3780.0,3850.0,3760.0,3800.0,65390700
2016-12-22,2267.1884765625,3750.0,3780.0,3720.0,3720.0,53482700
2016-12-23,2230.913330078125,3690.0,3790.0,3670.0,3790.0,46232300
2016-12-27,2255.09716796875,3730.0,3760.0,3670.0,3690.0,48998200
2016-12-28,2315.55517578125,3830.0,3840.0,3770.0,3770.0,39654200
2016-12-29,2382.059326171875,3940.0,3960.0,3810.0,3830.0,126802300
2016-12-30,2406.242431640625,3980.0,4020.0,3940.0,3940.0,128649100
2017-01-02,2406.242431640625,3980.0,3980.0,3980.0,3980.0,0
2017-01-03,2388.105224609375,3950.0,3990.0,3920.0,3950.0,71660600
2017-01-04,2388.105224609375,3950.0,3980.0,3880.0,3880.0,68494500
2017-01-05,2388.105224609375,3950.0,4030.0,3940.0,3960.0,74018400
2017-01-06,2418.33447265625,4000.0,4010.0,3960.0,3970.0,44136900
2017-01-09,2430.426025390625,4020.0,4030.0,3990.0,4000.0,85713200
2017-01-10,2418.33447265625,4000.0,4030.0,3960.0,4030.0,44608000
2017-01-11,2394.151123046875,3960.0,4000.0,3950.0,3960.0,47226300
2017-01-12,2394.151123046875,3960.0,3970.0,3920.0,3920.0,45738500
2017-01-13,2388.105224609375,3950.0,3970.0,3930.0,3930.0,64704600
2017-01-16,2388.105224609375,3950.0,4000.0,3950.0,3970.0,42188800
2017-01-17,2400.196533203125,3970.0,4000.0,3960.0,3980.0,45793400
2017-01-18,2394.151123046875,3960.0,4010.0,3950.0,3960.0,56558200
2017-01-19,2400.196533203125,3970.0,3980.0,3920.0,3940.0,53435400
2017-01-20,2315.55517578125,3830.0,3940.0,3820.0,3920.0,101523500
2017-01-23,2321.600830078125,3840.0,3880.0,3780.0,3800.0,77653500
2017-01-24,2363.921875,3910.0,3950.0,3850.0,3850.0,113430200
2017-01-25,2357.875732421875,3900.0,3940.0,3890.0,3940.0,47799100
2017-01-26,2382.059326171875,3940.0,3960.0,3860.0,3900.0,60944600
2017-01-27,2351.830078125,3890.0,3920.0,3880.0,3900.0,47240400
2017-01-30,2333.69287109375,3860.0,3910.0,3860.0,3860.0,30060700
2017-01-31,2339.738525390625,3870.0,3920.0,3860.0,3870.0,57849200
2017-02-01,2382.059326171875,3940.0,3980.0,3900.0,3910.0,77648400
2017-02-02,2388.105224609375,3950.0,3980.0,3900.0,3940.0,73895600
2017-02-03,2388.105224609375,3950.0,3970.0,3900.0,3900.0,59225000
2017-02-06,2394.151123046875,3960.0,3960.0,3910.0,3940.0,52999700
2017-02-07,2369.9677734375,3920.0,3960.0,3920.0,3930.0,66017500
2017-02-08,2339.738525390625,3870.0,3920.0,3860.0,3900.0,115706000
2017-02-09,2339.738525390625,3870.0,3910.0,3860.0,3870.0,78090700
2017-02-10,2351.830078125,3890.0,3910.0,3860.0,3870.0,91636700
2017-02-13,2369.9677734375,3920.0,3920.0,3900.0,3920.0,54547600
2017-02-14,2333.69287109375,3860.0,3900.0,3840.0,3900.0,146309400
2017-02-15,2333.69287109375,3860.0,3860.0,3860.0,3860.0,0
2017-02-16,2339.738525390625,3870.0,3890.0,3840.0,3880.0,127779400
2017-02-17,2339.738525390625,3870.0,3890.0,3850.0,3890.0,80814700
2017-02-20,2339.738525390625,3870.0,3880.0,3850.0,3860.0,26820400
2017-02-21,2345.784423828125,3880.0,3890.0,3860.0,3880.0,49368500
2017-02-22,2345.784423828125,3880.0,3890.0,3850.0,3880.0,74260200
2017-02-23,2321.600830078125,3840.0,3870.0,3830.0,3860.0,122760100
2017-02-24,2321.600830078125,3840.0,3870.0,3830.0,3830.0,71119600
2017-02-27,2339.738525390625,3870.0,3890.0,3850.0,3850.0,54712100
2017-02-28,2327.646728515625,3850.0,3900.0,3850.0,3860.0,65928100
2017-03-01,2327.646728515625,3850.0,3890.0,3840.0,3870.0,79662500
2017-03-02,2315.55517578125,3830.0,3870.0,3830.0,3870.0,59748700
2017-03-03,2327.646728515625,3850.0,3870.0,3810.0,3820.0,92350100
2017-03-06,2369.9677734375,3920.0,3920.0,3850.0,3860.0,99064100
2017-03-07,2388.105224609375,3950.0,3950.0,3890.0,3920.0,61945400
2017-03-08,2345.784423828125,3880.0,3930.0,3880.0,3920.0,31336300
2017-03-09,2394.151123046875,3960.0,3960.0,3880.0,3960.0,83224900
2017-03-10,2388.105224609375,3950.0,3990.0,3910.0,3970.0,70318300
2017-03-13,2388.105224609375,3950.0,3970.0,3920.0,3940.0,54433000
2017-03-14,2448.5634765625,4050.0,4070.0,3950.0,3950.0,122779100
2017-03-15,2442.517822265625,4040.0,4080.0,4010.0,4030.0,80434200
2017-03-16,2502.975830078125,4140.0,4150.0,4060.0,4060.0,123306900
2017-03-17,2484.8388671875,4110.0,4140.0,4030.0,4140.0,123085600
2017-03-20,2478.792724609375,4100.0,4110.0,4050.0,4100.0,87628300
2017-03-21,2472.746826171875,4090.0,4120.0,4060.0,4060.0,75349600
2017-03-22,2460.65576171875,4070.0,4080.0,4010.0,4060.0,110927600
2017-03-23,2472.746826171875,4090.0,4100.0,4050.0,4070.0,72319900
2017-03-24,2466.701171875,4080.0,4110.0,4050.0,4080.0,71877500
2017-03-27,2466.701171875,4080.0,4090.0,4070.0,4080.0,56070700
2017-03-29,2509.02197265625,4150.0,4150.0,4080.0,4080.0,84076600
2017-03-30,2502.975830078125,4140.0,4170.0,4110.0,4140.0,61410200
2017-03-31,2496.93017578125,4130.0,4190.0,4130.0,4180.0,88859000
2017-04-03,2521.11376953125,4170.0,4200.0,4130.0,4130.0,66564400
2017-04-04,2569.480224609375,4250.0,4290.0,4170.0,4170.0,108165500
2017-04-05,2569.480224609375,4250.0,4250.0,4250.0,4250.0,0
2017-04-06,2521.11376953125,4170.0,4200.0,4130.0,4180.0,79905800
2017-04-07,2496.93017578125,4130.0,4140.0,4110.0,4130.0,72954300
2017-04-10,2478.792724609375,4100.0,4140.0,4090.0,4110.0,53211800
2017-04-11,2509.02197265625,4150.0,4180.0,4110.0,4110.0,54580200
2017-04-12,2509.02197265625,4150.0,4170.0,4110.0,4170.0,33441400
2017-04-13,2472.746826171875,4090.0,4170.0,4090.0,4150.0,47225000
2017-04-17,2424.380126953125,4010.0,4090.0,4010.0,4090.0,51373500
2017-04-18,2460.65576171875,4070.0,4120.0,4050.0,4060.0,68193500
2017-04-19,2460.65576171875,4070.0,4070.0,4070.0,4070.0,0
2017-04-20,2484.8388671875,4110.0,4150.0,4030.0,4030.0,110208600
2017-04-21,2672.259521484375,4420.0,4420.0,4170.0,4180.0,237062100
2017-04-25,2672.259521484375,4420.0,4520.0,4330.0,4500.0,213322700
2017-04-26,2660.167724609375,4400.0,4410.0,4360.0,4380.0,103930700
2017-04-27,2642.030029296875,4370.0,4400.0,4360.0,4380.0,78695300
2017-04-28,2642.030029296875,4370.0,4410.0,4370.0,4400.0,124845700
2017-05-02,2666.213623046875,4410.0,4450.0,4380.0,4410.0,140198900
2017-05-03,2695.63427734375,4340.0,4400.0,4330.0,4400.0,92896600
2017-05-04,2714.267578125,4370.0,4390.0,4340.0,4360.0,100510700
2017-05-05,2695.63427734375,4340.0,4360.0,4330.0,4350.0,43566800
2017-05-08,2695.63427734375,4340.0,4380.0,4310.0,4370.0,85508700
2017-05-09,2695.63427734375,4340.0,4450.0,4330.0,4390.0,90061700
2017-05-10,2714.267578125,4370.0,4410.0,4330.0,4340.0,85484500
2017-05-12,2732.901123046875,4400.0,4440.0,4380.0,4410.0,84813500
2017-05-15,2708.056396484375,4360.0,4420.0,4320.0,4420.0,88965200
2017-05-16,2695.63427734375,4340.0,4390.0,4340.0,4390.0,79436500
2017-05-17,2695.63427734375,4340.0,4380.0,4300.0,4380.0,65470700
2017-05-18,2677.000732421875,4310.0,4340.0,4270.0,4300.0,78913600
2017-05-19,2813.645751953125,4530.0,4650.0,4300.0,4300.0,140860000
2017-05-22,2776.379150390625,4470.0,4670.0,4440.0,4590.0,92800400
2017-05-23,2732.901123046875,4400.0,4520.0,4370.0,4500.0,70551200
2017-05-24,2708.056396484375,4360.0,4410.0,4330.0,4360.0,76441800
2017-05-26,2776.379150390625,4470.0,4490.0,4430.0,4430.0,123903300
2017-05-29,2726.689697265625,4390.0,4470.0,4360.0,4470.0,69694400
2017-05-30,2689.42333984375,4330.0,4380.0,4330.0,4350.0,57720500
2017-05-31,2701.84521484375,4350.0,4370.0,4300.0,4350.0,184808900
2017-06-01,2701.84521484375,4350.0,4350.0,4350.0,4350.0,0
2017-06-02,2720.478759765625,4380.0,4450.0,4340.0,4400.0,168414800
2017-06-05,2695.63427734375,4340.0,4380.0,4300.0,4340.0,88200300
2017-06-06,2677.000732421875,4310.0,4350.0,4300.0,4350.0,99538800
2017-06-07,2683.211669921875,4320.0,4350.0,4290.0,4350.0,99176400
2017-06-08,2670.789794921875,4300.0,4320.0,4300.0,4320.0,88979800
2017-06-09,2689.42333984375,4330.0,4380.0,4320.0,4370.0,137960200
2017-06-12,2689.42333984375,4330.0,4340.0,4310.0,4320.0,52481100
2017-06-13,2708.056396484375,4360.0,4360.0,4330.0,4340.0,61967400
2017-06-14,2708.056396484375,4360.0,4380.0,4330.0,4380.0,72198600
2017-06-15,2708.056396484375,4360.0,4370.0,4330.0,4350.0,50887900
2017-06-16,2714.267578125,4370.0,4440.0,4330.0,4330.0,267351200
2017-06-19,2732.901123046875,4400.0,4420.0,4390.0,4400.0,48458800
2017-06-20,2788.80126953125,4490.0,4510.0,4400.0,4420.0,93396600
2017-06-21,2807.4345703125,4520.0,4530.0,4460.0,4480.0,116596300
2017-06-22,2807.4345703125,4520.0,4540.0,4500.0,4540.0,76420700
2017-06-23,2807.4345703125,4520.0,4520.0,4520.0,4520.0,0
2017-06-26,2807.4345703125,4520.0,4520.0,4520.0,4520.0,0
2017-06-27,2807.4345703125,4520.0,4520.0,4520.0,4520.0,0
2017-06-28,2807.4345703125,4520.0,4520.0,4520.0,4520.0,0
2017-06-29,2807.4345703125,4520.0,4520.0,4520.0,4520.0,0
2017-06-30,2807.4345703125,4520.0,4520.0,4520.0,4520.0,0
2017-07-03,2975.1357421875,4790.0,4790.0,4520.0,4530.0,213322100
2017-07-04,2850.912841796875,4590.0,4730.0,4590.0,4710.0,126977200
2017-07-05,2844.701904296875,4580.0,4590.0,4530.0,4550.0,76950600
2017-07-06,2888.179443359375,4650.0,4680.0,4570.0,4570.0,74712800
2017-07-07,2875.757080078125,4630.0,4690.0,4630.0,4640.0,74859600
2017-07-10,2838.490478515625,4570.0,4670.0,4560.0,4670.0,40905200
2017-07-11,2857.1240234375,4600.0,4640.0,4560.0,4590.0,59015400
2017-07-12,2869.54638671875,4620.0,4640.0,4580.0,4580.0,42386500
2017-07-13,2857.1240234375,4600.0,4680.0,4580.0,4660.0,83010800
2017-07-14,2857.1240234375,4600.0,4620.0,4570.0,4580.0,61198800
2017-07-17,2888.179443359375,4650.0,4650.0,4570.0,4570.0,53983200
2017-07-18,2875.757080078125,4630.0,4660.0,4590.0,4660.0,63087200
2017-07-19,2857.1240234375,4600.0,4630.0,4570.0,4630.0,31882000
2017-07-20,2875.757080078125,4630.0,4650.0,4600.0,4620.0,65946300
2017-07-21,2832.279296875,4560.0,4620.0,4530.0,4600.0,61852600
2017-07-24,2888.179443359375,4650.0,4650.0,4500.0,4500.0,139361700
2017-07-25,2931.657958984375,4720.0,4740.0,4640.0,4680.0,82776400
2017-07-26,2919.235107421875,4700.0,4740.0,4650.0,4700.0,65286900
2017-07-27,2888.179443359375,4650.0,4720.0,4650.0,4700.0,79556300
2017-07-28,2919.235107421875,4700.0,4720.0,4660.0,4670.0,77012600
2017-07-31,2913.024169921875,4690.0,4750.0,4670.0,4680.0,105620500
2017-08-01,2962.712890625,4770.0,4820.0,4690.0,4700.0,98006400
2017-08-02,2981.3466796875,4800.0,4840.0,4780.0,4800.0,76646000
2017-08-03,2919.235107421875,4700.0,4790.0,4670.0,4760.0,57453500
2017-08-04,2900.60205078125,4670.0,4710.0,4660.0,4700.0,53596700
2017-08-07,2900.60205078125,4670.0,4730.0,4660.0,4670.0,50259300
2017-08-08,2913.024169921875,4690.0,4690.0,4650.0,4650.0,55006100
2017-08-09,2925.446533203125,4710.0,4720.0,4670.0,4670.0,67040700
2017-08-10,2925.446533203125,4710.0,4730.0,4700.0,4720.0,36139000
2017-08-11,2906.81298828125,4680.0,4700.0,4660.0,4690.0,61681900
2017-08-14,2925.446533203125,4710.0,4730.0,4700.0,4720.0,45942500
2017-08-15,2937.868896484375,4730.0,4750.0,4710.0,4750.0,62541500
2017-08-16,2962.712890625,4770.0,4780.0,4730.0,4750.0,72564900
2017-08-17,2962.712890625,4770.0,4770.0,4770.0,4770.0,0
2017-08-18,2968.92431640625,4780.0,4820.0,4770.0,4770.0,72171800
2017-08-21,2962.712890625,4770.0,4800.0,4730.0,4800.0,36963300
2017-08-22,2975.1357421875,4790.0,4810.0,4770.0,4800.0,45279100
2017-08-23,2981.3466796875,4800.0,4810.0,4750.0,4800.0,55475800
2017-08-24,2968.92431640625,4780.0,4800.0,4760.0,4800.0,59747100
2017-08-25,2962.712890625,4770.0,4810.0,4770.0,4800.0,34666200
2017-08-28,2950.291015625,4750.0,4770.0,4720.0,4740.0,42681600
2017-08-29,2937.868896484375,4730.0,4760.0,4710.0,4740.0,66770700
2017-08-30,2944.079833984375,4740.0,4760.0,4720.0,4720.0,41010800
2017-08-31,2913.024169921875,4690.0,4750.0,4690.0,4740.0,60803000
2017-09-01,2913.024169921875,4690.0,4690.0,4690.0,4690.0,0
2017-09-04,2906.81298828125,4680.0,4710.0,4660.0,4710.0,74663400
2017-09-05,2888.179443359375,4650.0,4680.0,4620.0,4670.0,71280300
2017-09-06,2925.446533203125,4710.0,4730.0,4650.0,4650.0,60257800
2017-09-07,2919.235107421875,4700.0,4730.0,4690.0,4700.0,47238900
2017-09-08,2931.657958984375,4720.0,4720.0,4670.0,4670.0,40939600
2017-09-11,2925.446533203125,4710.0,4720.0,4700.0,4710.0,45419200
2017-09-12,2931.657958984375,4720.0,4730.0,4700.0,4720.0,68810000
2017-09-13,2913.024169921875,4690.0,4730.0,4650.0,4650.0,55115400
2017-09-14,2900.60205078125,4670.0,4700.0,4660.0,4690.0,53421400
2017-09-15,2913.024169921875,4690.0,4700.0,4650.0,4650.0,112759200
2017-09-18,2925.446533203125,4710.0,4720.0,4660.0,4680.0,61345400
2017-09-19,2925.446533203125,4710.0,4720.0,4680.0,4690.0,54676900
2017-09-20,2913.024169921875,4690.0,4710.0,4680.0,4690.0,58141200
2017-09-21,2913.024169921875,4690.0,4690.0,4690.0,4690.0,0
2017-09-22,2881.968017578125,4640.0,4690.0,4610.0,4690.0,100046700
2017-09-25,2888.179443359375,4650.0,4670.0,4610.0,4620.0,33070000
2017-09-26,2913.024169921875,4690.0,4710.0,4640.0,4640.0,83557100
2017-09-27,2919.235107421875,4700.0,4710.0,4680.0,4690.0,60995800
2017-09-28,2925.446533203125,4710.0,4740.0,4710.0,4720.0,105241200
2017-09-29,2906.81298828125,4680.0,4750.0,4670.0,4700.0,202031900
2017-10-02,2906.81298828125,4680.0,4690.0,4660.0,4690.0,79696400
2017-10-03,2913.024169921875,4690.0,4700.0,4640.0,4650.0,113933700
2017-10-04,2913.024169921875,4690.0,4710.0,4660.0,4660.0,101963100
2017-10-05,2894.390625,4660.0,4690.0,4640.0,4680.0,164687600
2017-10-06,2894.390625,4660.0,4680.0,4630.0,4680.0,83595800
2017-10-09,2869.54638671875,4620.0,4660.0,4610.0,4640.0,73027700
2017-10-10,2813.645751953125,4530.0,4650.0,4510.0,4650.0,95524700
2017-10-11,2732.901123046875,4400.0,4550.0,4310.0,4540.0,365951800
2017-10-12,2757.74560546875,4440.0,4490.0,4370.0,4380.0,163091000
2017-10-13,2751.534423828125,4430.0,4450.0,4400.0,4440.0,122491000
2017-10-16,2763.95654296875,4450.0,4480.0,4380.0,4380.0,167517000
2017-10-17,2732.901123046875,4400.0,4410.0,4320.0,4400.0,286827400
2017-10-18,2670.789794921875,4300.0,4400.0,4190.0,4400.0,379725700
2017-10-19,2614.88916015625,4210.0,4250.0,4180.0,4230.0,231274800
2017-10-20,2652.15625,4270.0,4290.0,4200.0,4250.0,107642900
2017-10-23,2639.733642578125,4250.0,4320.0,4240.0,4270.0,118213500
2017-10-24,2627.311767578125,4230.0,4270.0,4230.0,4270.0,69942200
2017-10-25,2540.35546875,4090.0,4230.0,4060.0,4210.0,308355300
2017-10-26,2583.833740234375,4160.0,4260.0,4010.0,4010.0,348271000
2017-10-27,2577.622802734375,4150.0,4200.0,4080.0,4190.0,122923500
2017-10-30,2534.144775390625,4080.0,4180.0,4080.0,4150.0,140445100
2017-10-31,2503.089111328125,4030.0,4150.0,4030.0,4150.0,111757900
2017-11-01,2453.39990234375,3950.0,4080.0,3910.0,4070.0,267366500
2017-11-02,2503.089111328125,4030.0,4110.0,3970.0,3980.0,154764900
2017-11-03,2540.35546875,4090.0,4100.0,4010.0,4050.0,80926400
2017-11-06,2602.46728515625,4190.0,4210.0,4070.0,4100.0,177511800
2017-11-07,2602.46728515625,4190.0,4210.0,4160.0,4180.0,84694700
2017-11-08,2546.56689453125,4100.0,4160.0,4100.0,4160.0,145225500
2017-11-09,2583.833740234375,4160.0,4180.0,4100.0,4100.0,91933800
2017-11-10,2558.9892578125,4120.0,4160.0,4120.0,4130.0,56993800
2017-11-13,2546.56689453125,4100.0,4160.0,4100.0,4130.0,92109100
2017-11-14,2534.144775390625,4080.0,4110.0,4070.0,4100.0,64809800
2017-11-15,2565.2001953125,4130.0,4180.0,4080.0,4090.0,96128400
2017-11-16,2608.677978515625,4200.0,4230.0,4150.0,4150.0,134137000
2017-11-17,2608.677978515625,4200.0,4230.0,4200.0,4200.0,80261800
2017-11-20,2577.622802734375,4150.0,4220.0,4150.0,4220.0,48453900
2017-11-21,2608.677978515625,4200.0,4200.0,4150.0,4170.0,96842900
2017-11-22,2608.677978515625,4200.0,4220.0,4190.0,4220.0,69602300
2017-11-23,2639.733642578125,4250.0,4270.0,4200.0,4200.0,62887900
2017-11-24,2683.211669921875,4320.0,4320.0,4220.0,4220.0,87879900
2017-11-27,2670.789794921875,4300.0,4350.0,4280.0,4320.0,82769500
2017-11-28,2633.522705078125,4240.0,4290.0,4230.0,4270.0,99928100
2017-11-29,2608.677978515625,4200.0,4240.0,4180.0,4220.0,79872900
2017-11-30,2577.622802734375,4150.0,4220.0,4150.0,4200.0,185905200
2017-12-01,2577.622802734375,4150.0,4150.0,4150.0,4150.0,0
2017-12-04,2608.677978515625,4200.0,4230.0,4160.0,4180.0,78040500
2017-12-05,2608.677978515625,4200.0,4220.0,4180.0,4210.0,96504800
2017-12-06,2608.677978515625,4200.0,4210.0,4160.0,4160.0,92126500
2017-12-07,2608.677978515625,4200.0,4210.0,4160.0,4200.0,52703100
2017-12-08,2571.411376953125,4140.0,4200.0,4120.0,4150.0,88536500
2017-12-11,2571.411376953125,4140.0,4150.0,4110.0,4110.0,47625800
2017-12-12,2590.044921875,4170.0,4190.0,4150.0,4150.0,63036000
2017-12-13,2608.677978515625,4200.0,4200.0,4150.0,4150.0,49020200
2017-12-14,2639.733642578125,4250.0,4250.0,4200.0,4220.0,61517800
2017-12-15,2627.311767578125,4230.0,4240.0,4180.0,4200.0,77110600
2017-12-18,2633.522705078125,4240.0,4250.0,4170.0,4250.0,47756500
2017-12-19,2602.46728515625,4190.0,4200.0,4170.0,4200.0,85383600
2017-12-20,2583.833740234375,4160.0,4200.0,4160.0,4190.0,87778400
2017-12-21,2639.733642578125,4250.0,4250.0,4170.0,4190.0,83893400
2017-12-22,2670.789794921875,4300.0,4300.0,4210.0,4250.0,50330400
2017-12-25,2670.789794921875,4300.0,4300.0,4300.0,4300.0,0
2017-12-26,2670.789794921875,4300.0,4300.0,4300.0,4300.0,0
2017-12-27,2670.789794921875,4300.0,4310.0,4270.0,4270.0,32211800
2017-12-28,2726.689697265625,4390.0,4390.0,4270.0,4300.0,88576700
2017-12-29,2757.74560546875,4440.0,4460.0,4390.0,4390.0,110053200
2018-01-01,2757.74560546875,4440.0,4440.0,4440.0,4440.0,0
2018-01-02,2739.1123046875,4410.0,4460.0,4380.0,4430.0,66075600
2018-01-03,2627.311767578125,4230.0,4380.0,4200.0,4380.0,129205000
2018-01-04,2621.1005859375,4220.0,4250.0,4190.0,4230.0,77953300
2018-01-05,2658.367431640625,4280.0,4280.0,4200.0,4220.0,55863000
2018-01-08,2645.945556640625,4260.0,4290.0,4250.0,4250.0,42916700
2018-01-09,2608.677978515625,4200.0,4240.0,4180.0,4240.0,100497400
2018-01-10,2602.46728515625,4190.0,4250.0,4180.0,4200.0,95004000
2018-01-11,2590.044921875,4170.0,4200.0,4150.0,4200.0,80524900
2018-01-12,2565.2001953125,4130.0,4190.0,4130.0,4160.0,70976800
2018-01-15,2558.9892578125,4120.0,4170.0,4100.0,4160.0,71388000
2018-01-16,2614.88916015625,4210.0,4220.0,4120.0,4150.0,84393300
2018-01-17,2608.677978515625,4200.0,4220.0,4180.0,4210.0,77197700
2018-01-18,2590.044921875,4170.0,4240.0,4160.0,4210.0,100089500
2018-01-19,2583.833740234375,4160.0,4190.0,4120.0,4190.0,70890100
2018-01-22,2565.2001953125,4130.0,4160.0,4120.0,4120.0,83090400
2018-01-23,2540.35546875,4090.0,4160.0,4030.0,4160.0,184176500
2018-01-24,2472.033203125,3980.0,4090.0,3970.0,4090.0,241779600
2018-01-25,2465.822265625,3970.0,4020.0,3920.0,3980.0,232552500
2018-01-26,2577.622802734375,4150.0,4160.0,3990.0,3990.0,246067800
2018-01-29,2527.93359375,4070.0,4180.0,4030.0,4170.0,156356300
2018-01-30,2465.822265625,3970.0,4040.0,3960.0,4020.0,140694300
2018-01-31,2478.244384765625,3990.0,4060.0,3950.0,3960.0,112276200
2018-02-01,2472.033203125,3980.0,4070.0,3980.0,4030.0,102291000
2018-02-02,2484.455322265625,4000.0,4030.0,4000.0,4030.0,71707200
2018-02-05,2490.666748046875,4010.0,4030.0,3920.0,3950.0,70792500
2018-02-06,2447.18896484375,3940.0,3990.0,3930.0,3950.0,146207400
2018-02-07,2472.033203125,3980.0,4020.0,3950.0,3990.0,120081100
2018-02-08,2496.8779296875,4020.0,4040.0,3940.0,3980.0,101865000
2018-02-09,2453.39990234375,3950.0,4000.0,3940.0,3970.0,78255000
2018-02-12,2459.611083984375,3960.0,3990.0,3950.0,3950.0,58535200
2018-02-13,2509.2998046875,4040.0,4060.0,3980.0,3990.0,79288000
2018-02-14,2509.2998046875,4040.0,4080.0,3990.0,4050.0,63313200
2018-02-15,2490.666748046875,4010.0,4060.0,4000.0,4050.0,32896000
2018-02-16,2490.666748046875,4010.0,4010.0,4010.0,4010.0,0
2018-02-19,2515.51123046875,4050.0,4080.0,4040.0,4050.0,89429500
2018-02-20,2527.93359375,4070.0,4080.0,4040.0,4080.0,53466600
2018-02-21,2527.93359375,4070.0,4080.0,4020.0,4040.0,74130200
2018-02-22,2490.666748046875,4010.0,4070.0,4010.0,4070.0,91272600
2018-02-23,2503.089111328125,4030.0,4040.0,4010.0,4030.0,59706400
2018-02-26,2503.089111328125,4030.0,4050.0,4010.0,4050.0,56293900
2018-02-27,2496.8779296875,4020.0,4030.0,3960.0,4030.0,81554100
2018-02-28,2484.455322265625,4000.0,4050.0,3970.0,3970.0,94528200
2018-03-01,2521.72265625,4060.0,4090.0,4020.0,4050.0,84215600
2018-03-02,2527.93359375,4070.0,4070.0,4030.0,4060.0,61410200
2018-03-05,2496.8779296875,4020.0,4060.0,4000.0,4050.0,56394900
2018-03-06,2496.8779296875,4020.0,4060.0,4020.0,4050.0,59010500
2018-03-07,2484.455322265625,4000.0,4040.0,3980.0,4000.0,100646000
2018-03-08,2571.411376953125,4140.0,4140.0,4020.0,4050.0,152547000
2018-03-09,2577.622802734375,4150.0,4160.0,4090.0,4150.0,97354700
2018-03-12,2608.677978515625,4200.0,4200.0,4130.0,4170.0,87344000
2018-03-13,2540.35546875,4090.0,4180.0,4080.0,4160.0,96605900
2018-03-14,2521.72265625,4060.0,4090.0,4040.0,4070.0,74296000
2018-03-15,2440.9775390625,3930.0,4040.0,3930.0,4030.0,133775500
2018-03-16,2372.655029296875,3820.0,3950.0,3820.0,3930.0,208216200
2018-03-19,2372.655029296875,3820.0,3900.0,3810.0,3860.0,111808000
2018-03-20,2273.277099609375,3660.0,3810.0,3640.0,3800.0,254154700
2018-03-21,2304.33251953125,3710.0,3720.0,3630.0,3660.0,152085900
2018-03-22,2298.12158203125,3700.0,3810.0,3690.0,3720.0,132850400
2018-03-23,2273.277099609375,3660.0,3690.0,3520.0,3520.0,104485500
2018-03-26,2229.798583984375,3590.0,3650.0,3580.0,3600.0,104993600
2018-03-27,2211.165771484375,3560.0,3650.0,3540.0,3630.0,106157400
2018-03-28,2217.376708984375,3570.0,3620.0,3540.0,3570.0,83907700
2018-03-29,2236.010009765625,3600.0,3600.0,3530.0,3580.0,106930200
2018-03-30,2236.010009765625,3600.0,3600.0,3600.0,3600.0,0
2018-04-02,2279.48779296875,3670.0,3680.0,3600.0,3640.0,63944000
2018-04-03,2254.6435546875,3630.0,3670.0,3620.0,3640.0,57234700
2018-04-04,2236.010009765625,3600.0,3660.0,3570.0,3630.0,80976000
2018-04-05,2285.698974609375,3680.0,3690.0,3650.0,3650.0,102973700
2018-04-06,2267.065673828125,3650.0,3690.0,3650.0,3680.0,62905500
2018-04-09,2341.599365234375,3770.0,3780.0,3630.0,3630.0,114947800
2018-04-10,2397.499755859375,3860.0,3880.0,3730.0,3740.0,138847700
2018-04-11,2403.710693359375,3870.0,3890.0,3850.0,3850.0,58454500
2018-04-12,2329.1767578125,3750.0,3860.0,3740.0,3830.0,76340800
2018-04-13,2273.277099609375,3660.0,3780.0,3630.0,3760.0,88313600
2018-04-16,2273.277099609375,3660.0,3660.0,3660.0,3660.0,0
2018-04-17,2273.277099609375,3660.0,3660.0,3660.0,3660.0,0
2018-04-18,2341.599365234375,3770.0,3770.0,3710.0,3720.0,65927000
2018-04-19,2341.599365234375,3770.0,3770.0,3770.0,3770.0,0
2018-04-20,2341.599365234375,3770.0,3770.0,3770.0,3770.0,0
2018-04-23,2329.1767578125,3750.0,3780.0,3720.0,3720.0,72362700
2018-04-24,2378.8662109375,3830.0,3830.0,3770.0,3810.0,81396500
2018-04-25,2378.8662109375,3830.0,3830.0,3830.0,3830.0,0
2018-04-26,2378.8662109375,3830.0,3830.0,3830.0,3830.0,0
2018-04-27,2378.8662109375,3830.0,3830.0,3830.0,3830.0,0
2018-04-30,2378.8662109375,3830.0,3870.0,3750.0,3750.0,95418200
2018-05-01,2378.8662109375,3830.0,3830.0,3830.0,3830.0,0
2018-05-02,2403.710693359375,3870.0,3880.0,3780.0,3810.0,118872100
2018-05-03,2322.96630859375,3740.0,3860.0,3740.0,3850.0,91601300
2018-05-04,2316.7548828125,3730.0,3750.0,3650.0,3700.0,80894300
2018-05-07,2360.23291015625,3800.0,3820.0,3730.0,3750.0,97351600
2018-05-08,2352.214599609375,3620.0,3670.0,3570.0,3650.0,107379900
2018-05-09,2404.197021484375,3700.0,3780.0,3530.0,3600.0,149687500
2018-05-10,2404.197021484375,3700.0,3700.0,3700.0,3700.0,0
2018-05-11,2358.71240234375,3630.0,3750.0,3620.0,3700.0,120995700
2018-05-14,2300.231689453125,3540.0,3610.0,3500.0,3560.0,161018200
2018-05-15,2189.7685546875,3370.0,3530.0,3350.0,3520.0,230994800
2018-05-16,2261.24462890625,3480.0,3530.0,3250.0,3280.0,205406800
2018-05-17,2267.74267578125,3490.0,3610.0,3490.0,3510.0,179026500
2018-05-18,2267.74267578125,3490.0,3530.0,3400.0,3520.0,75748600
2018-05-21,2222.258056640625,3420.0,3490.0,3410.0,3490.0,57210900
2018-05-22,2254.7470703125,3470.0,3500.0,3420.0,3420.0,78667200
2018-05-23,2254.7470703125,3470.0,3530.0,3450.0,3460.0,110630200
2018-05-24,2313.2275390625,3560.0,3590.0,3480.0,3480.0,84178300
2018-05-25,2313.2275390625,3560.0,3590.0,3530.0,3540.0,66374400
2018-05-28,2397.698974609375,3690.0,3700.0,3560.0,3580.0,90299200
2018-05-29,2397.698974609375,3690.0,3690.0,3690.0,3690.0,0
2018-05-30,2339.218505859375,3600.0,3730.0,3590.0,3600.0,148933500
2018-05-31,2287.236083984375,3520.0,3610.0,3500.0,3600.0,255204300
2018-06-01,2287.236083984375,3520.0,3520.0,3520.0,3520.0,0
2018-06-04,2365.210205078125,3640.0,3660.0,3530.0,3540.0,141754800
2018-06-05,2488.668701171875,3830.0,3860.0,3660.0,3680.0,181376800
2018-06-06,2462.677490234375,3790.0,3830.0,3760.0,3790.0,143554900
2018-06-07,2449.681884765625,3770.0,3830.0,3770.0,3800.0,122724300
2018-06-08,2345.71630859375,3610.0,3730.0,3600.0,3710.0,260396300
2018-06-11,2345.71630859375,3610.0,3610.0,3610.0,3610.0,0
2018-06-12,2345.71630859375,3610.0,3610.0,3610.0,3610.0,0
2018-06-13,2345.71630859375,3610.0,3610.0,3610.0,3610.0,0
2018-06-14,2345.71630859375,3610.0,3610.0,3610.0,3610.0,0
2018-06-15,2345.71630859375,3610.0,3610.0,3610.0,3610.0,0
2018-06-18,2345.71630859375,3610.0,3610.0,3610.0,3610.0,0
2018-06-19,2345.71630859375,3610.0,3610.0,3610.0,3610.0,0
2018-06-20,2410.695068359375,3710.0,3710.0,3510.0,3540.0,295386100
2018-06-21,2345.71630859375,3610.0,3700.0,3610.0,3650.0,123848500
2018-06-22,2326.22314453125,3580.0,3630.0,3540.0,3610.0,121490900
2018-06-25,2378.205810546875,3660.0,3690.0,3600.0,3630.0,97826600
2018-06-26,2397.698974609375,3690.0,3700.0,3600.0,3600.0,91252300
2018-06-27,2410.695068359375,3710.0,3780.0,3690.0,3690.0,106616500
2018-06-28,2378.205810546875,3660.0,3720.0,3660.0,3700.0,133779300
2018-06-29,2436.68603515625,3750.0,3750.0,3640.0,3650.0,79116600
2018-07-02,2436.68603515625,3750.0,3800.0,3710.0,3800.0,55810800
2018-07-03,2404.197021484375,3700.0,3740.0,3670.0,3740.0,79439500
2018-07-04,2443.183837890625,3760.0,3810.0,3630.0,3700.0,54884500
2018-07-05,2488.668701171875,3830.0,3830.0,3760.0,3800.0,59717900
2018-07-06,2508.162353515625,3860.0,3890.0,3830.0,3850.0,67655200
2018-07-09,2586.13623046875,3980.0,4000.0,3880.0,3900.0,68798500
2018-07-10,2618.62548828125,4030.0,4050.0,3960.0,3990.0,118127300
2018-07-11,2638.11865234375,4060.0,4080.0,3960.0,4000.0,144055300
2018-07-12,2664.1103515625,4100.0,4110.0,4040.0,4050.0,114531700
2018-07-13,2612.127685546875,4020.0,4100.0,3970.0,4080.0,120852800
2018-07-16,2560.14501953125,3940.0,4030.0,3860.0,3970.0,66229700
2018-07-17,2560.14501953125,3940.0,3970.0,3890.0,3970.0,53740400
2018-07-18,2605.629638671875,4010.0,4030.0,3890.0,3910.0,75157800
2018-07-19,2540.6513671875,3910.0,4000.0,3910.0,4000.0,65340900
2018-07-20,2592.63427734375,3990.0,3990.0,3890.0,3900.0,66456000
2018-07-23,2638.11865234375,4060.0,4090.0,4010.0,4030.0,74605900
2018-07-24,2618.62548828125,4030.0,4090.0,4030.0,4090.0,64353800
2018-07-25,2534.1533203125,3900.0,4060.0,3900.0,4060.0,55617500
2018-07-26,2553.64697265625,3930.0,3940.0,3890.0,3920.0,55761900
2018-07-27,2560.14501953125,3940.0,3950.0,3890.0,3910.0,52506800
2018-07-30,2540.6513671875,3910.0,3950.0,3890.0,3890.0,49045100
2018-07-31,2319.725341796875,3570.0,3830.0,3550.0,3830.0,339081700
2018-08-01,2306.7294921875,3550.0,3600.0,3500.0,3570.0,190720900
2018-08-02,2274.240478515625,3500.0,3590.0,3450.0,3550.0,171276100
2018-08-03,2248.249267578125,3460.0,3490.0,3430.0,3480.0,224005400
2018-08-06,2371.707763671875,3650.0,3670.0,3480.0,3480.0,231846400
2018-08-07,2326.22314453125,3580.0,3670.0,3570.0,3650.0,111024900
2018-08-08,2306.7294921875,3550.0,3600.0,3520.0,3600.0,109077400
2018-08-09,2267.74267578125,3490.0,3550.0,3490.0,3520.0,110452900
2018-08-10,2274.240478515625,3500.0,3540.0,3480.0,3510.0,79851700
2018-08-13,2189.7685546875,3370.0,3450.0,3360.0,3440.0,106124800
2018-08-14,2176.773193359375,3350.0,3440.0,3330.0,3360.0,108189200
2018-08-15,2228.755615234375,3430.0,3450.0,3310.0,3350.0,95526000
2018-08-16,2176.773193359375,3350.0,3430.0,3350.0,3390.0,112653900
2018-08-17,2176.773193359375,3350.0,3350.0,3350.0,3350.0,0
2018-08-20,2202.764404296875,3390.0,3450.0,3370.0,3420.0,163133800
2018-08-21,2176.773193359375,3350.0,3440.0,3350.0,3400.0,126746000
2018-08-22,2176.773193359375,3350.0,3350.0,3350.0,3350.0,0
2018-08-23,2144.283935546875,3300.0,3390.0,3290.0,3390.0,209401300
2018-08-24,2137.785888671875,3290.0,3340.0,3270.0,3290.0,103476200
2018-08-27,2248.249267578125,3460.0,3480.0,3310.0,3330.0,142917000
2018-08-28,2326.22314453125,3580.0,3600.0,3480.0,3480.0,224122500
2018-08-29,2326.22314453125,3580.0,3610.0,3520.0,3560.0,126710100
2018-08-30,2280.73876953125,3510.0,3590.0,3510.0,3580.0,80352300
2018-08-31,2267.74267578125,3490.0,3520.0,3460.0,3500.0,109920300
2018-09-03,2267.74267578125,3490.0,3550.0,3480.0,3520.0,46014400
2018-09-04,2222.258056640625,3420.0,3510.0,3410.0,3500.0,77620800
2018-09-05,2124.790283203125,3270.0,3400.0,3250.0,3400.0,183864900
2018-09-06,2183.271240234375,3360.0,3380.0,3250.0,3250.0,172294300
2018-09-07,2202.764404296875,3390.0,3390.0,3320.0,3360.0,99447200
2018-09-10,2196.266357421875,3380.0,3400.0,3350.0,3380.0,48741600
2018-09-11,2196.266357421875,3380.0,3380.0,3380.0,3380.0,0
2018-09-12,2157.279541015625,3320.0,3390.0,3310.0,3380.0,81217700
2018-09-13,2241.751220703125,3450.0,3470.0,3370.0,3370.0,115198100
2018-09-14,2332.720703125,3590.0,3600.0,3470.0,3470.0,156541000
2018-09-17,2254.7470703125,3470.0,3570.0,3430.0,3550.0,95431800
2018-09-18,2319.725341796875,3570.0,3590.0,3440.0,3470.0,132571400
2018-09-19,2306.7294921875,3550.0,3610.0,3540.0,3580.0,88139600
2018-09-20,2339.218505859375,3600.0,3640.0,3570.0,3590.0,80194400
2018-09-21,2339.218505859375,3600.0,3630.0,3550.0,3630.0,98577800
2018-09-24,2300.231689453125,3540.0,3600.0,3510.0,3590.0,48101000
2018-09-25,2313.2275390625,3560.0,3560.0,3520.0,3540.0,25350200
2018-09-26,2300.231689453125,3540.0,3590.0,3540.0,3550.0,51055900
2018-09-27,2326.22314453125,3580.0,3590.0,3550.0,3580.0,49549400
2018-09-28,2365.210205078125,3640.0,3670.0,3600.0,3600.0,116695900
2018-10-01,2384.703369140625,3670.0,3690.0,3610.0,3610.0,45504900
2018-10-02,2352.214599609375,3620.0,3670.0,3580.0,3640.0,61393800
2018-10-03,2339.218505859375,3600.0,3640.0,3570.0,3570.0,46611900
2018-10-04,2339.218505859375,3600.0,3600.0,3510.0,3570.0,82550500
2018-10-05,2293.73388671875,3530.0,3600.0,3530.0,3540.0,59270300
2018-10-08,2287.236083984375,3520.0,3530.0,3470.0,3500.0,71886100
2018-10-09,2332.720703125,3590.0,3620.0,3520.0,3530.0,58708100
2018-10-10,2339.218505859375,3600.0,3640.0,3560.0,3640.0,31937500
2018-10-11,2319.725341796875,3570.0,3640.0,3480.0,3500.0,114418300
2018-10-12,2391.201416015625,3680.0,3700.0,3620.0,3630.0,87991200
2018-10-15,2378.205810546875,3660.0,3750.0,3650.0,3700.0,68466400
2018-10-16,2456.179443359375,3780.0,3780.0,3680.0,3680.0,98103600
2018-10-17,2534.1533203125,3900.0,3910.0,3800.0,3800.0,122953700
2018-10-18,2443.183837890625,3760.0,3880.0,3720.0,3840.0,102322600
2018-10-19,2423.6904296875,3730.0,3770.0,3690.0,3700.0,140162100
2018-10-22,2469.17529296875,3800.0,3830.0,3730.0,3730.0,57680500
2018-10-23,2404.197021484375,3700.0,3800.0,3670.0,3800.0,53266800
2018-10-24,2287.236083984375,3520.0,3710.0,3520.0,3700.0,117672200
2018-10-25,2306.7294921875,3550.0,3580.0,3460.0,3490.0,120108900
2018-10-26,2358.71240234375,3630.0,3660.0,3580.0,3580.0,100554100
2018-10-29,2378.205810546875,3660.0,3660.0,3580.0,3630.0,54304000
2018-10-30,2469.17529296875,3800.0,3850.0,3630.0,3640.0,158933000
2018-10-31,2501.664306640625,3850.0,3870.0,3730.0,3850.0,140351400
2018-11-01,2521.157958984375,3880.0,3880.0,3810.0,3850.0,69586900
2018-11-02,2560.14501953125,3940.0,3940.0,3880.0,3900.0,98072700
2018-11-05,2527.65576171875,3890.0,3910.0,3850.0,3850.0,60121700
2018-11-06,2527.65576171875,3890.0,3930.0,3820.0,3930.0,58088000
2018-11-07,2566.642578125,3950.0,3950.0,3870.0,3900.0,98350100
2018-11-08,2599.1318359375,4000.0,4000.0,3920.0,3970.0,74004300
2018-11-09,2547.1494140625,3920.0,3960.0,3920.0,3960.0,45243300
2018-11-12,2508.162353515625,3860.0,3950.0,3860.0,3890.0,57256000
2018-11-13,2488.668701171875,3830.0,3850.0,3750.0,3810.0,89819400
2018-11-14,2436.68603515625,3750.0,3880.0,3750.0,3860.0,72968500
2018-11-15,2540.6513671875,3910.0,3940.0,3790.0,3800.0,71440400
2018-11-16,2631.621337890625,4050.0,4110.0,3920.0,3930.0,128595600
2018-11-19,2566.642578125,3950.0,4050.0,3930.0,4050.0,72785900
2018-11-20,2566.642578125,3950.0,3950.0,3950.0,3950.0,0
2018-11-21,2573.140380859375,3960.0,3960.0,3850.0,3860.0,97525800
2018-11-22,2586.13623046875,3980.0,3990.0,3910.0,3910.0,52279900
2018-11-23,2592.63427734375,3990.0,4000.0,3950.0,3980.0,35499400
2018-11-26,2592.63427734375,3990.0,4000.0,3950.0,3980.0,43879100
2018-11-27,2521.157958984375,3880.0,3950.0,3850.0,3940.0,116422400
2018-11-28,2417.192626953125,3720.0,3900.0,3710.0,3890.0,195860500
2018-11-29,2430.188232421875,3740.0,3810.0,3710.0,3770.0,120921500
2018-11-30,2391.201416015625,3680.0,3780.0,3680.0,3760.0,151545800
2018-12-03,2404.197021484375,3700.0,3770.0,3700.0,3740.0,106891000
2018-12-04,2456.179443359375,3780.0,3780.0,3720.0,3720.0,121586400
2018-12-05,2449.681884765625,3770.0,3800.0,3730.0,3740.0,58424400
2018-12-06,2410.695068359375,3710.0,3770.0,3700.0,3740.0,62164100
2018-12-07,2384.703369140625,3670.0,3710.0,3660.0,3700.0,92902000
2018-12-10,2391.201416015625,3680.0,3720.0,3610.0,3650.0,70093700
2018-12-11,2352.214599609375,3620.0,3670.0,3610.0,3640.0,88050700
2018-12-12,2371.707763671875,3650.0,3670.0,3620.0,3660.0,87333000
2018-12-13,2436.68603515625,3750.0,3780.0,3660.0,3680.0,118965900
2018-12-14,2423.6904296875,3730.0,3840.0,3730.0,3800.0,139547100
2018-12-17,2410.695068359375,3710.0,3770.0,3710.0,3740.0,86251600
2018-12-18,2430.188232421875,3740.0,3740.0,3680.0,3700.0,79833100
2018-12-19,2475.67333984375,3810.0,3810.0,3740.0,3740.0,81542500
2018-12-20,2430.188232421875,3740.0,3810.0,3720.0,3810.0,100129200
2018-12-21,2443.183837890625,3760.0,3770.0,3700.0,3700.0,114752300
2018-12-24,2443.183837890625,3760.0,3760.0,3760.0,3760.0,0
2018-12-25,2443.183837890625,3760.0,3760.0,3760.0,3760.0,0
2018-12-26,2423.6904296875,3730.0,3750.0,3700.0,3730.0,50416400
2018-12-27,2436.68603515625,3750.0,3790.0,3730.0,3780.0,49980900
2018-12-28,2436.68603515625,3750.0,3780.0,3750.0,3770.0,48224400
2018-12-31,2436.68603515625,3750.0,3750.0,3750.0,3750.0,0
2019-01-01,2436.68603515625,3750.0,3750.0,3750.0,3750.0,0
2019-01-02,2423.6904296875,3730.0,3760.0,3700.0,3750.0,31355300
2019-01-03,2430.188232421875,3740.0,3770.0,3690.0,3710.0,83842400
2019-01-04,2410.695068359375,3710.0,3740.0,3690.0,3690.0,73936900
2019-01-07,2449.681884765625,3770.0,3790.0,3750.0,3760.0,83678100
2019-01-08,2469.17529296875,3800.0,3800.0,3750.0,3770.0,67963700
2019-01-09,2423.6904296875,3730.0,3830.0,3730.0,3820.0,98529400
2019-01-10,2469.17529296875,3800.0,3800.0,3740.0,3760.0,126396700
2019-01-11,2508.162353515625,3860.0,3860.0,3800.0,3820.0,116753700
2019-01-14,2501.664306640625,3850.0,3850.0,3790.0,3810.0,68487000
2019-01-15,2553.64697265625,3930.0,3930.0,3850.0,3860.0,83464900
2019-01-16,2592.63427734375,3990.0,4000.0,3920.0,3940.0,139056700
2019-01-17,2592.63427734375,3990.0,3990.0,3960.0,3970.0,78766100
2019-01-18,2612.127685546875,4020.0,4020.0,3970.0,4010.0,76350400
2019-01-21,2618.62548828125,4030.0,4050.0,4020.0,4040.0,83317600
2019-01-22,2599.1318359375,4000.0,4010.0,3930.0,4000.0,95420500
2019-01-23,2547.1494140625,3920.0,3980.0,3920.0,3950.0,72518500
2019-01-24,2508.162353515625,3860.0,3910.0,3830.0,3900.0,118836500
2019-01-25,2521.157958984375,3880.0,3930.0,3840.0,3880.0,75844000
2019-01-28,2456.179443359375,3780.0,3890.0,3730.0,3880.0,168983100
2019-01-29,2495.166748046875,3840.0,3850.0,3780.0,3780.0,118131200
2019-01-30,2508.162353515625,3860.0,3890.0,3830.0,3850.0,85903100
2019-01-31,2534.1533203125,3900.0,3920.0,3870.0,3900.0,110953700
2019-02-01,2514.66015625,3870.0,3930.0,3830.0,3910.0,79588900
2019-02-04,2456.179443359375,3780.0,3890.0,3780.0,3890.0,70070500
2019-02-05,2456.179443359375,3780.0,3780.0,3780.0,3780.0,0
2019-02-06,2508.162353515625,3860.0,3870.0,3820.0,3820.0,72180200
2019-02-07,2508.162353515625,3860.0,3890.0,3830.0,3890.0,39141500
2019-02-08,2501.664306640625,3850.0,3850.0,3810.0,3810.0,32131700
2019-02-11,2553.64697265625,3930.0,3940.0,3860.0,3870.0,88628900
2019-02-12,2482.170654296875,3820.0,3910.0,3800.0,3900.0,92427800
2019-02-13,2462.677490234375,3790.0,3850.0,3780.0,3840.0,113161100
2019-02-14,2430.188232421875,3740.0,3810.0,3740.0,3790.0,76939400
2019-02-15,2462.677490234375,3790.0,3800.0,3730.0,3770.0,67812600
2019-02-18,2534.1533203125,3900.0,3920.0,3830.0,3830.0,80275800
2019-02-19,2547.1494140625,3920.0,3940.0,3900.0,3930.0,82962700
2019-02-20,2514.66015625,3870.0,3940.0,3830.0,3940.0,87933000
2019-02-21,2514.66015625,3870.0,3890.0,3860.0,3870.0,48031100
2019-02-22,2495.166748046875,3840.0,3870.0,3820.0,3870.0,61392700
2019-02-25,2540.6513671875,3910.0,3920.0,3850.0,3900.0,53792400
2019-02-26,2553.64697265625,3930.0,3930.0,3880.0,3920.0,49657300
2019-02-27,2540.6513671875,3910.0,3940.0,3890.0,3900.0,48788200
2019-02-28,2508.162353515625,3860.0,3900.0,3840.0,3880.0,161156000
2019-03-01,2540.6513671875,3910.0,3920.0,3880.0,3890.0,49810100
2019-03-04,2501.664306640625,3850.0,3910.0,3850.0,3910.0,32250500
2019-03-05,2514.66015625,3870.0,3890.0,3820.0,3890.0,41171000
2019-03-06,2482.170654296875,3820.0,3880.0,3820.0,3860.0,69927600
2019-03-07,2482.170654296875,3820.0,3820.0,3820.0,3820.0,0
2019-03-08,2430.188232421875,3740.0,3820.0,3740.0,3810.0,105963500
2019-03-11,2469.17529296875,3800.0,3820.0,3760.0,3780.0,43971600
2019-03-12,2443.183837890625,3760.0,3820.0,3730.0,3800.0,43343700
2019-03-13,2417.192626953125,3720.0,3770.0,3710.0,3730.0,45607600
2019-03-14,2430.188232421875,3740.0,3760.0,3710.0,3720.0,62094100
2019-03-15,2436.68603515625,3750.0,3760.0,3710.0,3720.0,68778100
2019-03-18,2482.170654296875,3820.0,3820.0,3760.0,3770.0,44322600
2019-03-19,2456.179443359375,3780.0,3820.0,3770.0,3800.0,33156500
2019-03-20,2443.183837890625,3760.0,3820.0,3750.0,3810.0,42784600
2019-03-21,2462.677490234375,3790.0,3810.0,3780.0,3800.0,36527500
2019-03-22,2469.17529296875,3800.0,3820.0,3790.0,3800.0,26772900
2019-03-25,2462.677490234375,3790.0,3790.0,3720.0,3730.0,49162900
2019-03-26,2482.170654296875,3820.0,3820.0,3780.0,3780.0,23049100
2019-03-27,2482.170654296875,3820.0,3840.0,3810.0,3840.0,35521900
2019-03-28,2521.157958984375,3880.0,3890.0,3810.0,3820.0,55847200
2019-03-29,2573.140380859375,3960.0,3970.0,3880.0,3880.0,82231400
2019-04-01,2553.64697265625,3930.0,3960.0,3900.0,3950.0,28246400
2019-04-02,2553.64697265625,3930.0,3950.0,3910.0,3910.0,35443400
2019-04-03,2553.64697265625,3930.0,3930.0,3930.0,3930.0,0
2019-04-04,2618.62548828125,4030.0,4040.0,3950.0,3980.0,96122100
2019-04-05,2638.11865234375,4060.0,4090.0,4000.0,4020.0,66832600
2019-04-08,2566.642578125,3950.0,4030.0,3940.0,4020.0,73208300
2019-04-09,2566.642578125,3950.0,4000.0,3910.0,3980.0,88580200
2019-04-10,2553.64697265625,3930.0,3950.0,3890.0,3920.0,52555500
2019-04-11,2527.65576171875,3890.0,3930.0,3880.0,3900.0,51480700
2019-04-12,2488.668701171875,3830.0,3870.0,3810.0,3820.0,45324300
2019-04-15,2488.668701171875,3830.0,3860.0,3810.0,3860.0,44510600
2019-04-16,2514.66015625,3870.0,3880.0,3830.0,3830.0,62572100
2019-04-17,2514.66015625,3870.0,3870.0,3870.0,3870.0,0
2019-04-18,2508.162353515625,3860.0,3950.0,3840.0,3920.0,119263400
2019-04-19,2508.162353515625,3860.0,3860.0,3860.0,3860.0,0
2019-04-22,2456.179443359375,3780.0,3860.0,3780.0,3860.0,48671200
2019-04-23,2501.664306640625,3850.0,3870.0,3730.0,3780.0,86443700
2019-04-24,2495.166748046875,3840.0,3860.0,3780.0,3850.0,76660900
2019-04-25,2488.668701171875,3830.0,3840.0,3790.0,3800.0,52775100
2019-04-26,2540.6513671875,3910.0,3910.0,3800.0,3800.0,66452700
2019-04-29,2508.162353515625,3860.0,3900.0,3850.0,3850.0,50143700
2019-04-30,2462.677490234375,3790.0,3890.0,3750.0,3890.0,132318200
2019-05-01,2462.677490234375,3790.0,3790.0,3790.0,3790.0,0
2019-05-02,2488.668701171875,3830.0,3880.0,3760.0,3760.0,136768800
2019-05-03,2482.170654296875,3820.0,3830.0,3760.0,3800.0,101522800
2019-05-06,2495.166748046875,3840.0,3840.0,3720.0,3760.0,107167400
2019-05-07,2534.1533203125,3900.0,3910.0,3840.0,3870.0,74814500
2019-05-08,2534.1533203125,3900.0,3920.0,3870.0,3890.0,77743400
2019-05-09,2469.17529296875,3800.0,3900.0,3800.0,3860.0,74716500
2019-05-10,2462.677490234375,3790.0,3840.0,3790.0,3800.0,66672500
2019-05-13,2449.681884765625,3770.0,3840.0,3760.0,3820.0,47605100
2019-05-14,2443.183837890625,3760.0,3800.0,3720.0,3730.0,77483200
2019-05-15,2378.205810546875,3660.0,3790.0,3660.0,3770.0,57596600
2019-05-16,2339.218505859375,3600.0,3720.0,3530.0,3660.0,107366200
2019-05-17,2280.73876953125,3510.0,3620.0,3500.0,3610.0,94437400
2019-05-20,2339.218505859375,3600.0,3620.0,3480.0,3520.0,82354400
2019-05-21,2339.218505859375,3600.0,3630.0,3550.0,3600.0,106104000
2019-05-22,2300.231689453125,3540.0,3600.0,3540.0,3590.0,63687000
2019-05-23,2378.205810546875,3660.0,3690.0,3540.0,3540.0,113281100
2019-05-24,2436.68603515625,3750.0,3780.0,3690.0,3700.0,87594500
2019-05-27,2482.170654296875,3820.0,3830.0,3750.0,3760.0,87146600
2019-05-28,2397.698974609375,3690.0,3820.0,3690.0,3800.0,322246900
2019-05-29,2456.179443359375,3780.0,3830.0,3730.0,3750.0,122534500
2019-05-30,2456.179443359375,3780.0,3780.0,3780.0,3780.0,0
2019-05-31,2534.1533203125,3900.0,3930.0,3780.0,3780.0,194331700
2019-06-03,2534.1533203125,3900.0,3900.0,3900.0,3900.0,0
2019-06-04,2534.1533203125,3900.0,3900.0,3900.0,3900.0,0
2019-06-05,2534.1533203125,3900.0,3900.0,3900.0,3900.0,0
2019-06-06,2534.1533203125,3900.0,3900.0,3900.0,3900.0,0
2019-06-07,2534.1533203125,3900.0,3900.0,3900.0,3900.0,0
2019-06-10,2625.123291015625,4040.0,4060.0,3970.0,4000.0,222522800
2019-06-11,2612.127685546875,4020.0,4060.0,4000.0,4010.0,88861700
2019-06-12,2668.908203125,3940.0,3950.0,3840.0,3880.0,134724400
2019-06-13,2702.777587890625,3990.0,3990.0,3900.0,3940.0,115734700
2019-06-14,2702.777587890625,3990.0,4050.0,3970.0,4020.0,92466800
2019-06-17,2641.812255859375,3900.0,3970.0,3900.0,3950.0,60851700
2019-06-18,2696.00341796875,3980.0,3990.0,3890.0,3890.0,66112800
2019-06-20,2736.646484375,4040.0,4110.0,4020.0,4110.0,57673700
2019-06-21,2736.646484375,4040.0,4040.0,3950.0,4010.0,154049700
2019-06-24,2696.00341796875,3980.0,4050.0,3970.0,4050.0,50525100
2019-06-25,2716.3251953125,4010.0,4040.0,4000.0,4040.0,42601100
2019-06-26,2696.00341796875,3980.0,4050.0,3980.0,4020.0,56092200
2019-06-27,2770.51611328125,4090.0,4120.0,4000.0,4010.0,94221200
2019-06-28,2804.385498046875,4140.0,4200.0,4090.0,4100.0,130153100
2019-07-01,2858.576416015625,4220.0,4240.0,4170.0,4200.0,79382300
2019-07-02,2878.898193359375,4250.0,4250.0,4180.0,4240.0,87999800
2019-07-03,2872.12451171875,4240.0,4240.0,4160.0,4160.0,63296200
2019-07-04,2878.898193359375,4250.0,4260.0,4190.0,4190.0,38459300
2019-07-05,2899.2197265625,4280.0,4280.0,4240.0,4260.0,50332800
2019-07-08,2892.446044921875,4270.0,4290.0,4210.0,4230.0,57903400
2019-07-09,2946.636962890625,4350.0,4370.0,4270.0,4300.0,124822400
2019-07-10,2905.99365234375,4290.0,4320.0,4260.0,4310.0,62529900
2019-07-11,2892.446044921875,4270.0,4280.0,4240.0,4250.0,25645900
2019-07-12,2831.48095703125,4180.0,4250.0,4170.0,4240.0,57088600
2019-07-15,2899.2197265625,4280.0,4290.0,4230.0,4250.0,66960500
2019-07-16,2872.12451171875,4240.0,4280.0,4210.0,4240.0,45461500
2019-07-17,2865.350341796875,4230.0,4260.0,4220.0,4250.0,32069800
2019-07-18,2872.12451171875,4240.0,4250.0,4210.0,4220.0,45408100
2019-07-19,2892.446044921875,4270.0,4280.0,4250.0,4260.0,60692800
2019-07-22,2885.672119140625,4260.0,4270.0,4230.0,4250.0,37513700
2019-07-23,2878.898193359375,4250.0,4270.0,4200.0,4260.0,62628100
2019-07-24,2838.255126953125,4190.0,4240.0,4160.0,4230.0,73904300
2019-07-25,2851.802490234375,4210.0,4240.0,4160.0,4160.0,49276300
2019-07-26,2817.93310546875,4160.0,4210.0,4110.0,4160.0,70952400
2019-07-29,2845.02880859375,4200.0,4240.0,4140.0,4150.0,54336900
2019-07-30,2892.446044921875,4270.0,4300.0,4260.0,4280.0,88417200
2019-07-31,2912.767578125,4300.0,4300.0,4210.0,4240.0,175741000
2019-08-01,2899.2197265625,4280.0,4300.0,4260.0,4300.0,94856600
2019-08-02,2899.2197265625,4280.0,4300.0,4250.0,4280.0,82253800
2019-08-05,2763.7421875,4080.0,4220.0,4060.0,4200.0,112253200
2019-08-06,2797.611572265625,4130.0,4190.0,4050.0,4060.0,108890100
2019-08-07,2851.802490234375,4210.0,4270.0,4170.0,4230.0,104785500
2019-08-08,2885.672119140625,4260.0,4290.0,4240.0,4270.0,95204000
2019-08-09,2885.672119140625,4260.0,4300.0,4240.0,4300.0,89600500
2019-08-12,2885.672119140625,4260.0,4320.0,4230.0,4300.0,41817800
2019-08-13,2878.898193359375,4250.0,4290.0,4230.0,4290.0,98757900
2019-08-14,2905.99365234375,4290.0,4300.0,4270.0,4300.0,84928200
2019-08-15,2905.99365234375,4290.0,4290.0,4200.0,4200.0,97255500
2019-08-16,2899.2197265625,4280.0,4310.0,4220.0,4300.0,51853900
2019-08-19,2939.86328125,4340.0,4340.0,4290.0,4340.0,86011300
2019-08-20,3027.923095703125,4470.0,4470.0,4340.0,4350.0,143171600
2019-08-21,2987.2802734375,4410.0,4500.0,4390.0,4460.0,99649300
2019-08-22,3014.375732421875,4450.0,4450.0,4320.0,4380.0,110968600
2019-08-23,2966.958740234375,4380.0,4450.0,4340.0,4390.0,83823900
2019-08-26,2933.08935546875,4330.0,4360.0,4280.0,4280.0,77603200
2019-08-27,2966.958740234375,4380.0,4410.0,4320.0,4390.0,168209400
2019-08-28,2960.184814453125,4370.0,4430.0,4350.0,4430.0,68091100
2019-08-29,2966.958740234375,4380.0,4440.0,4370.0,4370.0,65718900
2019-08-30,3014.375732421875,4450.0,4450.0,4420.0,4430.0,95138200
2019-09-02,2987.2802734375,4410.0,4450.0,4400.0,4440.0,27531000
2019-09-03,2946.636962890625,4350.0,4440.0,4330.0,4440.0,66884700
2019-09-04,2905.99365234375,4290.0,4350.0,4280.0,4310.0,78905600
2019-09-05,2926.315185546875,4320.0,4360.0,4290.0,4290.0,97098300
2019-09-06,2851.802490234375,4210.0,4360.0,4210.0,4360.0,117223300
2019-09-09,2892.446044921875,4270.0,4300.0,4240.0,4280.0,47057300
2019-09-10,2892.446044921875,4270.0,4300.0,4250.0,4300.0,80403000
2019-09-11,2878.898193359375,4250.0,4300.0,4210.0,4300.0,90211600
2019-09-12,2824.70703125,4170.0,4230.0,4160.0,4220.0,70382200
2019-09-13,2817.93310546875,4160.0,4230.0,4160.0,4230.0,64074800
2019-09-16,2858.576416015625,4220.0,4260.0,4160.0,4160.0,85284700
2019-09-17,2892.446044921875,4270.0,4280.0,4220.0,4240.0,86432000
2019-09-18,2878.898193359375,4250.0,4280.0,4230.0,4250.0,72359600
2019-09-19,2851.802490234375,4210.0,4260.0,4190.0,4260.0,58720600
2019-09-20,2905.99365234375,4290.0,4300.0,4230.0,4250.0,132359100
2019-09-23,2878.898193359375,4250.0,4300.0,4230.0,4290.0,70483600
2019-09-24,2851.802490234375,4210.0,4240.0,4150.0,4210.0,88979100
2019-09-25,2858.576416015625,4220.0,4250.0,4180.0,4220.0,84582300
2019-09-26,2953.410888671875,4360.0,4370.0,4200.0,4220.0,79324000
2019-09-27,2919.54150390625,4310.0,4350.0,4300.0,4310.0,52305800
2019-09-30,2919.54150390625,4310.0,4330.0,4270.0,4270.0,111879100
2019-10-01,2878.898193359375,4250.0,4400.0,4220.0,4400.0,60332400
2019-10-02,2845.02880859375,4200.0,4300.0,4190.0,4260.0,51606300
2019-10-03,2845.02880859375,4200.0,4250.0,4160.0,4190.0,56433000
2019-10-04,2838.255126953125,4190.0,4250.0,4180.0,4250.0,34082000
2019-10-07,2784.0634765625,4110.0,4240.0,4090.0,4240.0,42996900
2019-10-08,2770.51611328125,4090.0,4170.0,4060.0,4170.0,74448900
2019-10-09,2790.837890625,4120.0,4170.0,4080.0,4090.0,59314500
2019-10-10,2784.0634765625,4110.0,4120.0,4060.0,4060.0,34345600
2019-10-11,2824.70703125,4170.0,4170.0,4100.0,4100.0,42198800
2019-10-14,2838.255126953125,4190.0,4210.0,4150.0,4200.0,52681800
2019-10-15,2824.70703125,4170.0,4190.0,4150.0,4190.0,64670200
2019-10-16,2824.70703125,4170.0,4190.0,4140.0,4170.0,70555700
2019-10-17,2824.70703125,4170.0,4180.0,4140.0,4160.0,50695300
2019-10-18,2838.255126953125,4190.0,4190.0,4160.0,4170.0,169540200
2019-10-21,2845.02880859375,4200.0,4250.0,4190.0,4200.0,63797000
2019-10-22,2865.350341796875,4230.0,4250.0,4200.0,4200.0,56711100
2019-10-23,2885.672119140625,4260.0,4270.0,4210.0,4210.0,97971900
2019-10-24,2946.636962890625,4350.0,4350.0,4250.0,4300.0,99213400
2019-10-25,2899.2197265625,4280.0,4360.0,4270.0,4320.0,67661500
2019-10-28,2885.672119140625,4260.0,4280.0,4220.0,4280.0,30710600
2019-10-29,2933.08935546875,4330.0,4330.0,4220.0,4230.0,68715000
2019-10-30,2892.446044921875,4270.0,4350.0,4210.0,4290.0,89575600
2019-10-31,2784.0634765625,4110.0,4240.0,4080.0,4220.0,185713300
2019-11-01,2763.7421875,4080.0,4150.0,4060.0,4090.0,107208500
2019-11-04,2811.1591796875,4150.0,4160.0,4080.0,4080.0,65897700
2019-11-05,2845.02880859375,4200.0,4200.0,4130.0,4170.0,109276000
2019-11-06,2790.837890625,4120.0,4190.0,4110.0,4180.0,134618700
2019-11-07,2756.96826171875,4070.0,4150.0,3990.0,4150.0,125291200
2019-11-08,2784.0634765625,4110.0,4120.0,3990.0,4010.0,70404800
2019-11-11,2777.289794921875,4100.0,4120.0,4040.0,4040.0,57079800
2019-11-12,2831.48095703125,4180.0,4190.0,4050.0,4050.0,88251100
2019-11-13,2811.1591796875,4150.0,4170.0,4100.0,4130.0,91925700
2019-11-14,2743.420654296875,4050.0,4130.0,4010.0,4110.0,123468500
2019-11-15,2763.7421875,4080.0,4090.0,4030.0,4080.0,50780500
2019-11-18,2709.55126953125,4000.0,4060.0,3990.0,4040.0,104978700
2019-11-19,2723.09912109375,4020.0,4020.0,3970.0,4000.0,113996600
2019-11-20,2770.51611328125,4090.0,4090.0,4000.0,4000.0,149185500
2019-11-21,2723.09912109375,4020.0,4090.0,4020.0,4050.0,64005900
2019-11-22,2743.420654296875,4050.0,4050.0,4000.0,4030.0,76569400
2019-11-25,2675.68212890625,3950.0,4070.0,3940.0,4070.0,107581200
2019-11-26,2614.717041015625,3860.0,3960.0,3860.0,3950.0,281002600
2019-11-27,2628.264892578125,3880.0,3930.0,3800.0,3870.0,97511300
2019-11-28,2587.621337890625,3820.0,3900.0,3800.0,3830.0,70635000
2019-11-29,2662.13427734375,3930.0,3950.0,3840.0,3860.0,72146900
2019-12-02,2675.68212890625,3950.0,3960.0,3930.0,3960.0,74263500
2019-12-03,2655.360107421875,3920.0,3940.0,3910.0,3920.0,74494000
2019-12-04,2702.777587890625,3990.0,3990.0,3900.0,3920.0,64948300
2019-12-05,2750.194580078125,4060.0,4080.0,3990.0,3990.0,118494800
2019-12-06,2777.289794921875,4100.0,4100.0,4020.0,4040.0,50682100
2019-12-09,2756.96826171875,4070.0,4110.0,4050.0,4080.0,80864200
2019-12-10,2736.646484375,4040.0,4070.0,4010.0,4050.0,54824900
2019-12-11,2743.420654296875,4050.0,4050.0,4000.0,4010.0,79749500
2019-12-12,2675.68212890625,3950.0,4050.0,3950.0,4040.0,147627000
2019-12-13,2702.777587890625,3990.0,4020.0,3960.0,4000.0,81937300
2019-12-16,2689.2294921875,3970.0,4020.0,3960.0,3970.0,86479200
2019-12-17,2696.00341796875,3980.0,3990.0,3950.0,3970.0,91747200
2019-12-18,2702.777587890625,3990.0,4000.0,3950.0,3960.0,101569300
2019-12-19,2641.812255859375,3900.0,3980.0,3900.0,3970.0,127316000
2019-12-20,2723.09912109375,4020.0,4020.0,3900.0,3900.0,152132200
2019-12-23,2723.09912109375,4020.0,4030.0,3980.0,4020.0,58715700
2019-12-26,2709.55126953125,4000.0,4020.0,3980.0,4020.0,36935300
2019-12-27,2702.777587890625,3990.0,4010.0,3980.0,3990.0,52812000
2019-12-30,2689.2294921875,3970.0,4030.0,3970.0,3980.0,67738300
2020-01-02,2648.58642578125,3910.0,4000.0,3900.0,3970.0,52094000
2020-01-03,2696.00341796875,3980.0,3980.0,3930.0,3960.0,70032900
2020-01-06,2682.45556640625,3960.0,3970.0,3930.0,3930.0,42908900
2020-01-07,2668.908203125,3940.0,3970.0,3920.0,3930.0,51837600
2020-01-08,2641.812255859375,3900.0,3950.0,3900.0,3920.0,52402600
2020-01-09,2682.45556640625,3960.0,3970.0,3920.0,3920.0,37580300
2020-01-10,2696.00341796875,3980.0,3990.0,3950.0,3980.0,48099000
2020-01-13,2729.872802734375,4030.0,4030.0,3990.0,4000.0,61913800
2020-01-14,2675.68212890625,3950.0,4000.0,3940.0,3980.0,95058600
2020-01-15,2628.264892578125,3880.0,3960.0,3870.0,3960.0,147583300
2020-01-16,2607.94287109375,3850.0,3890.0,3830.0,3890.0,118903100
2020-01-17,2580.84765625,3810.0,3870.0,3800.0,3860.0,119904100
2020-01-20,2580.84765625,3810.0,3840.0,3800.0,3820.0,73599200
2020-01-21,2635.03857421875,3890.0,3900.0,3810.0,3810.0,78014400
2020-01-22,2614.717041015625,3860.0,3890.0,3850.0,3890.0,45839800
2020-01-23,2628.264892578125,3880.0,3880.0,3830.0,3860.0,41077400
2020-01-24,2655.360107421875,3920.0,3930.0,3860.0,3880.0,58524000
2020-01-27,2601.16943359375,3840.0,3920.0,3830.0,3920.0,33081800
2020-01-28,2594.39501953125,3830.0,3840.0,3800.0,3810.0,56210000
2020-01-29,2641.812255859375,3900.0,3900.0,3840.0,3840.0,51929800
2020-01-30,2614.717041015625,3860.0,3910.0,3850.0,3910.0,60391600
2020-01-31,2574.07373046875,3800.0,3890.0,3780.0,3890.0,120447900
2020-02-03,2533.43017578125,3740.0,3820.0,3730.0,3800.0,68360600
2020-02-04,2546.97802734375,3760.0,3810.0,3730.0,3810.0,77259600
2020-02-05,2553.752197265625,3770.0,3780.0,3720.0,3760.0,68150800
2020-02-06,2546.97802734375,3760.0,3800.0,3750.0,3800.0,56261500
2020-02-07,2567.2998046875,3790.0,3820.0,3760.0,3780.0,53578900
2020-02-10,2580.84765625,3810.0,3850.0,3780.0,3800.0,86588500
2020-02-11,2567.2998046875,3790.0,3830.0,3780.0,3810.0,50248200
2020-02-12,2587.621337890625,3820.0,3850.0,3780.0,3800.0,73840300
2020-02-13,2526.656494140625,3730.0,3830.0,3710.0,3820.0,66699800
2020-02-14,2465.691650390625,3640.0,3730.0,3640.0,3680.0,108793300
2020-02-17,2445.369873046875,3610.0,3660.0,3590.0,3630.0,94887800
2020-02-18,2452.143798828125,3620.0,3660.0,3590.0,3590.0,94382900
2020-02-19,2452.143798828125,3620.0,3640.0,3590.0,3620.0,63717800
2020-02-20,2458.91748046875,3630.0,3650.0,3600.0,3620.0,53035400
2020-02-21,2499.56103515625,3690.0,3710.0,3640.0,3650.0,86862600
2020-02-24,2465.691650390625,3640.0,3720.0,3630.0,3670.0,72610600
2020-02-25,2431.822265625,3590.0,3670.0,3590.0,3600.0,73990700
2020-02-26,2377.631591796875,3510.0,3550.0,3450.0,3530.0,133449900
2020-02-27,2350.53564453125,3470.0,3550.0,3420.0,3510.0,88389400
2020-02-28,2364.08349609375,3490.0,3490.0,3340.0,3390.0,151751800
2020-03-02,2330.214111328125,3440.0,3550.0,3440.0,3470.0,96802900
2020-03-03,2452.143798828125,3620.0,3660.0,3470.0,3510.0,114698200
2020-03-04,2594.39501953125,3830.0,3840.0,3630.0,3640.0,136081000
2020-03-05,2594.39501953125,3830.0,3880.0,3760.0,3820.0,101235000
2020-03-06,2540.2041015625,3750.0,3790.0,3710.0,3730.0,86476000
2020-03-09,2370.857421875,3500.0,3620.0,3500.0,3560.0,109347300
2020-03-10,2364.08349609375,3490.0,3620.0,3480.0,3480.0,119718000
2020-03-11,2303.118408203125,3400.0,3480.0,3370.0,3470.0,115486900
2020-03-12,2242.153564453125,3310.0,3440.0,3270.0,3300.0,84363800
2020-03-13,2242.153564453125,3310.0,3310.0,3310.0,3310.0,0
2020-03-16,2140.54541015625,3160.0,3300.0,3160.0,3300.0,115972300
2020-03-17,1991.5201416015625,2940.0,3160.0,2940.0,3160.0,150122700
2020-03-18,1903.4598388671875,2810.0,3080.0,2740.0,3010.0,150147300
2020-03-19,1774.755859375,2620.0,2810.0,2620.0,2810.0,138987300
2020-03-20,1950.876953125,2880.0,2990.0,2450.0,2660.0,267694700
2020-03-23,1815.3994140625,2680.0,2880.0,2680.0,2880.0,86157200
2020-03-24,1774.755859375,2620.0,2880.0,2570.0,2700.0,243778900
2020-03-26,2018.6158447265625,2980.0,3080.0,2550.0,2550.0,267369500
2020-03-27,2093.12841796875,3090.0,3270.0,3050.0,3050.0,200952500
2020-03-30,2126.997802734375,3140.0,3180.0,2880.0,3060.0,134474300
2020-03-31,2140.54541015625,3160.0,3300.0,3120.0,3180.0,151302900
2020-04-01,2099.902099609375,3100.0,3200.0,3040.0,3180.0,104550600
2020-04-02,2120.223876953125,3130.0,3130.0,3020.0,3100.0,92893600
2020-04-03,2167.640625,3200.0,3220.0,3120.0,3150.0,83469200
2020-04-06,2255.701171875,3330.0,3330.0,3180.0,3280.0,115495000
2020-04-07,2181.188720703125,3220.0,3500.0,3200.0,3390.0,166425600
2020-04-08,2106.67626953125,3110.0,3220.0,3050.0,3220.0,124553900
2020-04-09,2113.449951171875,3120.0,3180.0,3030.0,3110.0,122622400
2020-04-13,2154.093017578125,3180.0,3230.0,3130.0,3140.0,45469500
2020-04-14,2194.736328125,3240.0,3250.0,3160.0,3200.0,79114600
2020-04-15,2106.67626953125,3110.0,3300.0,3090.0,3250.0,69832000
2020-04-16,2032.16357421875,3000.0,3110.0,3000.0,3110.0,109582500
2020-04-17,2187.96240234375,3230.0,3250.0,3050.0,3050.0,127860400
2020-04-20,2113.449951171875,3120.0,3270.0,3120.0,3270.0,77306900
2020-04-21,2079.58056640625,3070.0,3130.0,3050.0,3120.0,43239400
2020-04-22,2140.54541015625,3160.0,3270.0,3030.0,3050.0,126278300
2020-04-23,2079.58056640625,3070.0,3240.0,3070.0,3200.0,117391500
2020-04-24,2093.12841796875,3090.0,3160.0,3080.0,3100.0,84061400
2020-04-27,2133.771728515625,3150.0,3200.0,3100.0,3120.0,85475400
2020-04-28,2140.54541015625,3160.0,3200.0,3140.0,3170.0,80212700
2020-04-29,2269.2490234375,3350.0,3390.0,3100.0,3200.0,154902100
2020-04-30,2370.857421875,3500.0,3540.0,3350.0,3400.0,163170100
2020-05-04,2248.927490234375,3320.0,3400.0,3260.0,3400.0,108988600
2020-05-05,2248.927490234375,3320.0,3390.0,3320.0,3320.0,74036700
2020-05-06,2194.736328125,3240.0,3340.0,3220.0,3300.0,86395000
2020-05-08,2160.8671875,3190.0,3290.0,3150.0,3270.0,143584400
2020-05-11,2181.188720703125,3220.0,3250.0,3210.0,3220.0,58473100
2020-05-12,2133.771728515625,3150.0,3270.0,3100.0,3270.0,138978700
2020-05-13,2140.54541015625,3160.0,3170.0,3080.0,3150.0,73238700
2020-05-14,2079.58056640625,3070.0,3140.0,3060.0,3110.0,101581300
2020-05-15,2099.902099609375,3100.0,3130.0,3020.0,3100.0,114753900
2020-05-18,2181.188720703125,3220.0,3220.0,3100.0,3100.0,108828800
2020-05-19,2215.057861328125,3270.0,3330.0,3250.0,3250.0,97387100
2020-05-20,2154.093017578125,3180.0,3260.0,3180.0,3200.0,76086600
2020-05-26,2201.51025390625,3250.0,3280.0,3130.0,3150.0,105792900
2020-05-27,2147.3193359375,3170.0,3270.0,3150.0,3250.0,128693900
2020-05-28,2120.223876953125,3130.0,3210.0,3130.0,3180.0,177385100
2020-05-29,2133.771728515625,3150.0,3150.0,3080.0,3100.0,276092100
2020-06-02,2201.51025390625,3250.0,3270.0,3120.0,3160.0,174790600
2020-06-03,2228.605712890625,3290.0,3320.0,3230.0,3280.0,216200900
2020-06-04,2235.379638671875,3300.0,3390.0,3250.0,3320.0,167708600
2020-06-05,2187.96240234375,3230.0,3360.0,3200.0,3360.0,188420700
2020-06-08,2187.96240234375,3230.0,3290.0,3220.0,3250.0,221641600
2020-06-09,2126.997802734375,3140.0,3270.0,3140.0,3250.0,171214500
2020-06-10,2106.67626953125,3110.0,3190.0,3100.0,3150.0,263483700
2020-06-11,2086.354736328125,3080.0,3150.0,3060.0,3120.0,175767800
2020-06-12,2052.485107421875,3030.0,3080.0,2970.0,3080.0,260087300
2020-06-15,2093.12841796875,3090.0,3150.0,3030.0,3060.0,241625700
2020-06-16,2167.640625,3200.0,3220.0,3130.0,3150.0,194424800
2020-06-17,2174.4150390625,3210.0,3230.0,3140.0,3210.0,177784900
2020-06-18,2221.83203125,3280.0,3350.0,3180.0,3210.0,235586600
2020-06-19,2221.83203125,3280.0,3340.0,3250.0,3300.0,227358800
2020-06-22,2167.640625,3200.0,3300.0,3180.0,3290.0,159776500
2020-06-23,2120.223876953125,3130.0,3200.0,3120.0,3200.0,167271000
2020-06-24,2154.093017578125,3180.0,3230.0,3140.0,3150.0,170895600
2020-06-25,2140.54541015625,3160.0,3220.0,3140.0,3160.0,100882600
2020-06-26,2160.8671875,3190.0,3220.0,3180.0,3190.0,100784500
2020-06-29,2154.093017578125,3180.0,3250.0,3160.0,3200.0,156613200
2020-06-30,2171.226806640625,3050.0,3100.0,3050.0,3090.0,258068400
2020-07-01,2164.108154296875,3040.0,3100.0,3010.0,3070.0,148037400
2020-07-02,2235.2958984375,3140.0,3140.0,3040.0,3040.0,178357900
2020-07-03,2221.05859375,3120.0,3180.0,3110.0,3150.0,102033100
2020-07-06,2171.226806640625,3050.0,3150.0,3040.0,3130.0,248572600
2020-07-07,2221.05859375,3120.0,3120.0,3050.0,3060.0,169104200
2020-07-08,2242.414306640625,3150.0,3160.0,3110.0,3130.0,158166300
2020-07-09,2213.939208984375,3110.0,3190.0,3110.0,3170.0,125940800
2020-07-10,2213.939208984375,3110.0,3130.0,3100.0,3110.0,95422400
2020-07-13,2199.701904296875,3090.0,3130.0,3080.0,3120.0,77733900
2020-07-14,2192.5830078125,3080.0,3110.0,3070.0,3100.0,111442600
2020-07-15,2199.701904296875,3090.0,3130.0,3080.0,3120.0,102304100
2020-07-16,2206.820556640625,3100.0,3110.0,3080.0,3090.0,91951000
2020-07-17,2178.345458984375,3060.0,3110.0,3060.0,3100.0,112416300
2020-07-20,2178.345458984375,3060.0,3080.0,3040.0,3080.0,64735500
2020-07-21,2178.345458984375,3060.0,3110.0,3050.0,3050.0,101283800
2020-07-22,2185.464111328125,3070.0,3090.0,3060.0,3070.0,69462100
2020-07-23,2185.464111328125,3070.0,3090.0,3060.0,3070.0,70482100
2020-07-24,2149.87060546875,3020.0,3080.0,3020.0,3080.0,137265100
2020-07-27,2164.108154296875,3040.0,3050.0,3020.0,3020.0,58708800
2020-07-28,2149.87060546875,3020.0,3050.0,3010.0,3050.0,102705300
2020-07-29,2135.6328125,3000.0,3050.0,3000.0,3030.0,114352000
2020-07-30,2171.226806640625,3050.0,3050.0,3000.0,3040.0,95785000
2020-08-03,2078.682861328125,2920.0,3060.0,2850.0,3060.0,255659800
2020-08-04,2100.0390625,2950.0,2970.0,2920.0,2970.0,96018000
2020-08-05,2149.87060546875,3020.0,3040.0,2920.0,2960.0,120719100
2020-08-06,2149.87060546875,3020.0,3050.0,3000.0,3050.0,71699000
2020-08-07,2121.3955078125,2980.0,3030.0,2970.0,3020.0,78347200
2020-08-10,2114.276611328125,2970.0,3020.0,2970.0,3000.0,65485400
2020-08-11,2085.80126953125,2930.0,3000.0,2930.0,2980.0,175693000
2020-08-12,2100.0390625,2950.0,2960.0,2920.0,2930.0,110934800
2020-08-13,2142.751708984375,3010.0,3020.0,2950.0,2950.0,160906600
2020-08-14,2156.9892578125,3030.0,3040.0,3000.0,3020.0,93007500
2020-08-18,2171.226806640625,3050.0,3060.0,3000.0,3030.0,139358500
2020-08-19,2135.6328125,3000.0,3050.0,3000.0,3050.0,103980600
2020-08-24,2135.6328125,3000.0,3020.0,2990.0,3010.0,76713900
2020-08-25,2121.3955078125,2980.0,3010.0,2980.0,3010.0,100013600
2020-08-26,2149.87060546875,3020.0,3050.0,2980.0,2980.0,122465300
2020-08-27,2128.513916015625,2990.0,3040.0,2970.0,3020.0,102787800
2020-08-28,2107.157958984375,2960.0,2990.0,2940.0,2990.0,160569500
2020-08-31,2035.97021484375,2860.0,2980.0,2860.0,2960.0,204261100
2020-09-01,2064.445068359375,2900.0,2910.0,2860.0,2900.0,90565400
2020-09-02,2100.0390625,2950.0,2970.0,2900.0,2900.0,107589800
2020-09-03,2064.445068359375,2900.0,2960.0,2880.0,2950.0,123106100
2020-09-04,2035.97021484375,2860.0,2890.0,2840.0,2850.0,143569100
2020-09-07,2064.445068359375,2900.0,2910.0,2870.0,2870.0,62206600
2020-09-08,2035.97021484375,2860.0,2900.0,2860.0,2890.0,80068200
2020-09-09,1993.257568359375,2800.0,2860.0,2800.0,2850.0,108397400
2020-09-10,1922.069580078125,2700.0,2800.0,2620.0,2800.0,287496300
2020-09-11,2000.3759765625,2810.0,2840.0,2650.0,2670.0,197756800
2020-09-14,2057.326171875,2890.0,2890.0,2820.0,2830.0,127562700
2020-09-15,2014.61376953125,2830.0,2900.0,2810.0,2890.0,106215900
2020-09-16,1986.1383056640625,2790.0,2830.0,2770.0,2810.0,68113400
2020-09-17,2007.4949951171875,2820.0,2850.0,2780.0,2810.0,97257400
2020-09-18,2057.326171875,2890.0,2890.0,2840.0,2850.0,162116700
2020-09-21,2000.3759765625,2810.0,2910.0,2800.0,2890.0,100305100
2020-09-22,1979.02001953125,2780.0,2810.0,2750.0,2790.0,75891600
2020-09-23,1993.257568359375,2800.0,2810.0,2740.0,2770.0,85953300
2020-09-24,1943.42578125,2730.0,2760.0,2710.0,2750.0,74516800
2020-09-25,1914.95068359375,2690.0,2740.0,2670.0,2720.0,180968900
2020-09-28,1893.5947265625,2660.0,2730.0,2660.0,2710.0,89256700
2020-09-29,1872.238037109375,2630.0,2690.0,2630.0,2690.0,155853900
2020-09-30,1822.40673828125,2560.0,2650.0,2540.0,2630.0,235611600
2020-10-01,1957.6636962890625,2750.0,2760.0,2600.0,2600.0,225006000
2020-10-02,1907.8321533203125,2680.0,2750.0,2650.0,2750.0,140161900
2020-10-05,1886.4757080078125,2650.0,2710.0,2640.0,2690.0,124720200
2020-10-06,1886.4757080078125,2650.0,2700.0,2620.0,2680.0,148977400
2020-10-07,1893.5947265625,2660.0,2670.0,2620.0,2650.0,110186000
2020-10-08,1922.069580078125,2700.0,2720.0,2650.0,2670.0,154587800
2020-10-09,1943.42578125,2730.0,2750.0,2700.0,2710.0,109122300
2020-10-12,1943.42578125,2730.0,2760.0,2710.0,2750.0,77479100
2020-10-13,1943.42578125,2730.0,2740.0,2680.0,2730.0,97205500
2020-10-14,2000.3759765625,2810.0,2830.0,2710.0,2730.0,183236500
2020-10-15,1979.02001953125,2780.0,2850.0,2760.0,2800.0,138462900
2020-10-16,1957.6636962890625,2750.0,2780.0,2720.0,2780.0,135175000
2020-10-19,1929.1883544921875,2710.0,2810.0,2710.0,2800.0,187840500
2020-10-20,1900.713134765625,2670.0,2740.0,2670.0,2710.0,168211100
2020-10-21,1907.8321533203125,2680.0,2710.0,2670.0,2680.0,142146300
2020-10-22,1922.069580078125,2700.0,2720.0,2650.0,2670.0,257179400
2020-10-23,1872.238037109375,2630.0,2720.0,2630.0,2710.0,166356000
2020-10-26,1886.4757080078125,2650.0,2680.0,2630.0,2630.0,97523200
2020-10-27,1865.119384765625,2620.0,2690.0,2620.0,2640.0,146366600
2020-11-02,1822.40673828125,2560.0,2620.0,2550.0,2590.0,391510600
2020-11-03,1836.6441650390625,2580.0,2590.0,2540.0,2570.0,188874000
2020-11-04,1836.6441650390625,2580.0,2640.0,2580.0,2600.0,150678200
2020-11-05,1971.9010009765625,2770.0,2810.0,2620.0,2630.0,369260400
2020-11-06,2014.61376953125,2830.0,2840.0,2750.0,2800.0,243865800
2020-11-09,2050.20751953125,2880.0,2900.0,2840.0,2860.0,208192700
2020-11-10,2035.97021484375,2860.0,2950.0,2860.0,2950.0,195337300
2020-11-11,2192.5830078125,3080.0,3100.0,2880.0,2900.0,480530200
2020-11-12,2164.108154296875,3040.0,3080.0,3010.0,3080.0,169609900
2020-11-13,2128.513916015625,2990.0,3010.0,2950.0,3010.0,186708800
2020-11-16,2185.464111328125,3070.0,3100.0,3020.0,3040.0,206145500
2020-11-17,2292.24609375,3220.0,3270.0,3100.0,3100.0,527501800
2020-11-18,2263.77099609375,3180.0,3250.0,3160.0,3200.0,239122600
2020-11-19,2256.652099609375,3170.0,3220.0,3140.0,3150.0,185558800
2020-11-20,2292.24609375,3220.0,3270.0,3180.0,3190.0,211892500
2020-11-23,2363.433837890625,3320.0,3340.0,3220.0,3230.0,260752200
2020-11-24,2384.7900390625,3350.0,3380.0,3330.0,3350.0,207503900
2020-11-25,2334.958740234375,3280.0,3390.0,3280.0,3370.0,253156200
2020-11-26,2470.21533203125,3470.0,3480.0,3280.0,3280.0,374185400
2020-11-27,2463.0966796875,3460.0,3500.0,3420.0,3480.0,163651600
2020-11-30,2299.36474609375,3230.0,3470.0,3220.0,3460.0,624142600
2020-12-01,2306.483642578125,3240.0,3320.0,3160.0,3230.0,277929200
2020-12-02,2370.552490234375,3330.0,3330.0,3240.0,3270.0,187276600
2020-12-03,2349.196044921875,3300.0,3360.0,3280.0,3330.0,121434200
2020-12-04,2313.60205078125,3250.0,3280.0,3210.0,3270.0,170418900
2020-12-07,2370.552490234375,3330.0,3330.0,3260.0,3280.0,175436900
2020-12-08,2349.196044921875,3300.0,3350.0,3290.0,3350.0,113775100
2020-12-10,2320.72119140625,3260.0,3290.0,3250.0,3270.0,229380200
2020-12-11,2334.958740234375,3280.0,3330.0,3250.0,3270.0,154365400
2020-12-14,2363.433837890625,3320.0,3340.0,3250.0,3300.0,281474900
2020-12-15,2455.9775390625,3450.0,3490.0,3290.0,3320.0,410175700
2020-12-16,2569.878173828125,3610.0,3640.0,3500.0,3500.0,455088400
2020-12-17,2520.046875,3540.0,3620.0,3520.0,3610.0,249797800
2020-12-18,2498.690673828125,3510.0,3540.0,3500.0,3500.0,187856600
2020-12-21,2505.80908203125,3520.0,3610.0,3510.0,3530.0,267970200
2020-12-22,2391.908935546875,3360.0,3540.0,3340.0,3500.0,311860000
2020-12-23,2363.433837890625,3320.0,3420.0,3240.0,3350.0,240067600
2020-12-28,2441.740234375,3430.0,3460.0,3280.0,3370.0,178138100
2020-12-29,2434.62158203125,3420.0,3530.0,3400.0,3500.0,184525500
2020-12-30,2356.31494140625,3310.0,3420.0,3310.0,3420.0,150844500
2021-01-04,2484.453125,3490.0,3500.0,3310.0,3320.0,165339800
2021-01-05,2470.21533203125,3470.0,3480.0,3420.0,3480.0,157800700
2021-01-06,2399.02734375,3370.0,3490.0,3330.0,3470.0,177877900
2021-01-07,2413.26513671875,3390.0,3450.0,3380.0,3390.0,140221900
2021-01-08,2541.403076171875,3570.0,3620.0,3440.0,3450.0,492643700
2021-01-11,2562.759521484375,3600.0,3640.0,3570.0,3590.0,271231200
2021-01-12,2498.690673828125,3510.0,3620.0,3500.0,3600.0,189779500
2021-01-13,2477.334228515625,3480.0,3550.0,3460.0,3550.0,162329300
2021-01-14,2491.572021484375,3500.0,3590.0,3470.0,3480.0,187448400
2021-01-15,2477.334228515625,3480.0,3540.0,3450.0,3510.0,133304300
2021-01-18,2455.9775390625,3450.0,3520.0,3430.0,3480.0,138913100
2021-01-19,2427.5029296875,3410.0,3490.0,3370.0,3470.0,144100700
2021-01-20,2470.21533203125,3470.0,3480.0,3380.0,3420.0,116098100
2021-01-21,2477.334228515625,3480.0,3520.0,3460.0,3500.0,81801900
2021-01-22,2413.26513671875,3390.0,3440.0,3360.0,3420.0,165024200
2021-01-25,2399.02734375,3370.0,3410.0,3310.0,3370.0,118131800
2021-01-26,2320.72119140625,3260.0,3390.0,3260.0,3360.0,111414500
2021-01-27,2406.146484375,3380.0,3380.0,3260.0,3340.0,159144700
2021-01-28,2306.483642578125,3240.0,3330.0,3230.0,3280.0,142648800
2021-01-29,2213.939208984375,3110.0,3290.0,3110.0,3290.0,191915100
2021-02-01,2299.36474609375,3230.0,3250.0,3040.0,3130.0,133929600
2021-02-02,2327.83984375,3270.0,3330.0,3250.0,3300.0,114734600
2021-02-03,2306.483642578125,3240.0,3330.0,3220.0,3250.0,86433900
2021-02-04,2342.077392578125,3290.0,3330.0,3260.0,3270.0,80319500
2021-02-05,2342.077392578125,3290.0,3320.0,3270.0,3320.0,52630500
2021-02-08,2334.958740234375,3280.0,3370.0,3270.0,3300.0,96635600
2021-02-09,2278.008544921875,3200.0,3300.0,3180.0,3250.0,157479200
2021-02-10,2270.8896484375,3190.0,3220.0,3160.0,3180.0,125221400
2021-02-11,2270.8896484375,3190.0,3230.0,3170.0,3220.0,79940700
2021-02-15,2292.24609375,3220.0,3260.0,3200.0,3200.0,88883300
2021-02-16,2285.127197265625,3210.0,3250.0,3190.0,3200.0,82026300
2021-02-17,2242.414306640625,3150.0,3250.0,3140.0,3220.0,121105300
2021-02-18,2263.77099609375,3180.0,3270.0,3180.0,3190.0,151200300
2021-02-19,2285.127197265625,3210.0,3220.0,3170.0,3180.0,63214600
2021-02-22,2256.652099609375,3170.0,3240.0,3170.0,3210.0,100425500
2021-02-23,2470.21533203125,3470.0,3480.0,3200.0,3200.0,354966200
2021-02-24,2477.334228515625,3480.0,3550.0,3460.0,3490.0,303017100
2021-02-25,2484.453125,3490.0,3570.0,3450.0,3510.0,226833000
2021-02-26,2484.453125,3490.0,3510.0,3410.0,3450.0,230007700
2021-03-01,2484.453125,3490.0,3510.0,3470.0,3490.0,91513500
2021-03-02,2463.0966796875,3460.0,3500.0,3440.0,3490.0,169061400
2021-03-03,2448.859130859375,3440.0,3480.0,3420.0,3480.0,82610700
2021-03-04,2391.908935546875,3360.0,3430.0,3350.0,3420.0,142322100
2021-03-05,2363.433837890625,3320.0,3370.0,3320.0,3340.0,128546000
2021-03-08,2377.67138671875,3340.0,3400.0,3330.0,3360.0,80094900
2021-03-09,2342.077392578125,3290.0,3390.0,3280.0,3370.0,110090800
2021-03-10,2420.384033203125,3400.0,3420.0,3310.0,3340.0,91631900
2021-03-12,2455.9775390625,3450.0,3480.0,3430.0,3440.0,100195200
2021-03-15,2406.146484375,3380.0,3450.0,3380.0,3440.0,50077300
2021-03-16,2391.908935546875,3360.0,3410.0,3360.0,3400.0,60111200
2021-03-17,2413.26513671875,3390.0,3430.0,3370.0,3410.0,61701400
2021-03-18,2455.9775390625,3450.0,3480.0,3430.0,3450.0,101896400
2021-03-19,2448.859130859375,3440.0,3440.0,3380.0,3410.0,140000000
2021-03-22,2406.146484375,3380.0,3440.0,3380.0,3440.0,53870300
2021-03-23,2391.908935546875,3360.0,3420.0,3350.0,3390.0,55323200
2021-03-24,2399.02734375,3370.0,3390.0,3320.0,3320.0,67173200
2021-03-25,2427.5029296875,3410.0,3430.0,3380.0,3400.0,107607200
2021-03-26,2484.453125,3490.0,3500.0,3390.0,3410.0,106810400
2021-03-29,2427.5029296875,3410.0,3490.0,3400.0,3470.0,72214100
2021-03-30,2406.146484375,3380.0,3430.0,3360.0,3420.0,66491800
2021-03-31,2434.62158203125,3420.0,3420.0,3330.0,3380.0,134671900
2021-04-01,2413.26513671875,3390.0,3440.0,3380.0,3390.0,73332000
2021-04-05,2406.146484375,3380.0,3430.0,3370.0,3430.0,36029200
2021-04-06,2399.02734375,3370.0,3410.0,3370.0,3400.0,40566400
2021-04-07,2420.384033203125,3400.0,3430.0,3380.0,3410.0,84754300
2021-04-08,2413.26513671875,3390.0,3400.0,3380.0,3380.0,59079700
2021-04-09,2391.908935546875,3360.0,3390.0,3360.0,3390.0,56861400
2021-04-12,2356.31494140625,3310.0,3390.0,3300.0,3340.0,79003200
2021-04-13,2370.552490234375,3330.0,3340.0,3300.0,3340.0,51300200
2021-04-14,2377.67138671875,3340.0,3360.0,3320.0,3360.0,52587500
2021-04-15,2391.908935546875,3360.0,3360.0,3320.0,3340.0,65669100
2021-04-16,2391.908935546875,3360.0,3370.0,3320.0,3370.0,52517800
2021-04-19,2377.67138671875,3340.0,3360.0,3330.0,3330.0,44899700
2021-04-20,2363.433837890625,3320.0,3350.0,3300.0,3330.0,55700100
2021-04-21,2334.958740234375,3280.0,3330.0,3280.0,3290.0,47167800
2021-04-22,2370.552490234375,3330.0,3340.0,3290.0,3290.0,54970000
2021-04-23,2356.31494140625,3310.0,3330.0,3290.0,3330.0,39798400
2021-04-26,2313.60205078125,3250.0,3300.0,3250.0,3280.0,55076200
2021-04-27,2249.532958984375,3160.0,3250.0,3140.0,3240.0,166985400
2021-04-28,2235.2958984375,3140.0,3170.0,3130.0,3160.0,91596300
2021-04-29,2278.008544921875,3200.0,3210.0,3140.0,3150.0,111785100
2021-04-30,2278.008544921875,3200.0,3260.0,3200.0,3220.0,143840800
2021-05-03,2256.652099609375,3170.0,3210.0,3130.0,3200.0,124724400
2021-05-04,2285.127197265625,3210.0,3210.0,3170.0,3180.0,60180600
2021-05-05,2278.008544921875,3200.0,3210.0,3180.0,3210.0,76480300
2021-05-06,2270.8896484375,3190.0,3200.0,3150.0,3200.0,91955600
2021-05-07,2270.8896484375,3190.0,3220.0,3180.0,3200.0,98099900
2021-05-10,2256.652099609375,3170.0,3200.0,3160.0,3190.0,104121900
2021-05-11,2263.77099609375,3180.0,3200.0,3150.0,3170.0,94281900
2021-05-17,2270.8896484375,3190.0,3190.0,3150.0,3190.0,114071400
2021-05-18,2263.77099609375,3180.0,3190.0,3150.0,3190.0,77310400
2021-05-19,2249.532958984375,3160.0,3220.0,3150.0,3150.0,48958100
2021-05-20,2356.31494140625,3310.0,3320.0,3180.0,3190.0,197430900
2021-05-21,2327.83984375,3270.0,3350.0,3270.0,3340.0,104101400
2021-05-24,2320.72119140625,3260.0,3330.0,3220.0,3290.0,64347100
2021-05-25,2349.196044921875,3300.0,3320.0,3270.0,3290.0,62218300
2021-05-27,2406.146484375,3380.0,3400.0,3330.0,3350.0,233551300
2021-05-28,2327.83984375,3270.0,3400.0,3260.0,3380.0,87439800
2021-05-31,2448.859130859375,3440.0,3460.0,3300.0,3300.0,155768200
2021-06-02,2455.9775390625,3450.0,3500.0,3420.0,3490.0,108933400
2021-06-03,2484.453125,3490.0,3490.0,3420.0,3420.0,77627900
2021-06-04,2491.572021484375,3500.0,3510.0,3450.0,3490.0,70624200
2021-06-07,2527.16552734375,3550.0,3570.0,3500.0,3540.0,124440300
2021-06-08,2491.572021484375,3500.0,3550.0,3470.0,3550.0,132409400
2021-06-09,2534.94970703125,3390.0,3400.0,3310.0,3340.0,112204200
2021-06-10,2602.249267578125,3480.0,3500.0,3340.0,3350.0,137713700
2021-06-11,2594.77197265625,3470.0,3500.0,3420.0,3490.0,82336600
2021-06-14,2549.905517578125,3410.0,3470.0,3400.0,3460.0,46016500
2021-06-15,2572.338623046875,3440.0,3440.0,3380.0,3410.0,60528600
2021-06-16,2549.905517578125,3410.0,3430.0,3380.0,3380.0,39149800
2021-06-17,2505.0390625,3350.0,3420.0,3350.0,3370.0,50286100
2021-06-18,2505.0390625,3350.0,3400.0,3290.0,3350.0,168414300
2021-06-21,2467.650146484375,3300.0,3340.0,3260.0,3280.0,74248200
2021-06-22,2467.650146484375,3300.0,3370.0,3290.0,3300.0,89349200
2021-06-23,2519.994384765625,3370.0,3420.0,3310.0,3310.0,81901000
2021-06-24,2430.26171875,3250.0,3360.0,3240.0,3330.0,101334200
2021-06-25,2430.26171875,3250.0,3300.0,3240.0,3250.0,58330700
2021-06-28,2370.43994140625,3170.0,3260.0,3170.0,3250.0,66338900
2021-06-29,2362.962158203125,3160.0,3260.0,3150.0,3190.0,123411200
2021-06-30,2355.484375,3150.0,3180.0,3130.0,3150.0,142204500
2021-07-01,2325.57373046875,3110.0,3170.0,3090.0,3160.0,143665900
2021-07-02,2295.66259765625,3070.0,3130.0,3060.0,3110.0,161855700
2021-07-05,2273.2294921875,3040.0,3090.0,3010.0,3070.0,133815000
2021-07-06,2250.796142578125,3010.0,3070.0,3000.0,3050.0,151573500
2021-07-07,2265.751708984375,3030.0,3070.0,3010.0,3030.0,110215500
2021-07-08,2250.796142578125,3010.0,3060.0,3000.0,3060.0,132576600
2021-07-09,2362.962158203125,3160.0,3170.0,3030.0,3040.0,222916400
2021-07-12,2340.529052734375,3130.0,3190.0,3110.0,3190.0,86268000
2021-07-13,2295.66259765625,3070.0,3160.0,3050.0,3160.0,82856600
2021-07-14,2288.18505859375,3060.0,3070.0,3020.0,3050.0,84993400
2021-07-15,2340.529052734375,3130.0,3140.0,3080.0,3110.0,88092800
2021-07-16,2370.43994140625,3170.0,3170.0,3110.0,3140.0,63626300
2021-07-19,2407.828369140625,3220.0,3230.0,3150.0,3160.0,116219500
2021-07-21,2400.35107421875,3210.0,3240.0,3180.0,3190.0,115099400
2021-07-22,2437.739501953125,3260.0,3260.0,3210.0,3210.0,48865700
2021-07-23,2370.43994140625,3170.0,3250.0,3150.0,3250.0,67128400
2021-07-26,2385.3955078125,3190.0,3200.0,3140.0,3140.0,55525800
2021-07-27,2445.217041015625,3270.0,3270.0,3160.0,3210.0,62673400
2021-07-28,2385.3955078125,3190.0,3250.0,3150.0,3250.0,103282300
2021-07-29,2415.30615234375,3230.0,3290.0,3200.0,3210.0,126542400
2021-07-30,2422.7841796875,3240.0,3290.0,3200.0,3200.0,95143100
2021-08-02,2475.128173828125,3310.0,3310.0,3210.0,3240.0,60368200
2021-08-03,2490.083740234375,3330.0,3360.0,3290.0,3310.0,89712500
2021-08-04,2519.994384765625,3370.0,3370.0,3310.0,3330.0,63108600
2021-08-05,2497.561279296875,3340.0,3400.0,3320.0,3360.0,89742800
2021-08-06,2482.60595703125,3320.0,3380.0,3310.0,3360.0,31664200
2021-08-09,2430.26171875,3250.0,3300.0,3220.0,3260.0,70299500
2021-08-10,2415.30615234375,3230.0,3270.0,3190.0,3240.0,57658000
2021-08-12,2505.0390625,3350.0,3350.0,3240.0,3260.0,93133400
2021-08-13,2467.650146484375,3300.0,3380.0,3260.0,3370.0,59903600
2021-08-16,2497.561279296875,3340.0,3340.0,3290.0,3300.0,38661800
2021-08-18,2557.38330078125,3420.0,3440.0,3350.0,3360.0,162921300
2021-08-19,2534.94970703125,3390.0,3430.0,3360.0,3410.0,100851800
2021-08-20,2542.427734375,3400.0,3430.0,3370.0,3390.0,113411000
2021-08-23,2572.338623046875,3440.0,3440.0,3400.0,3420.0,64122400
2021-08-24,2542.427734375,3400.0,3420.0,3310.0,3410.0,69338100
2021-08-25,2519.994384765625,3370.0,3390.0,3330.0,3390.0,66618200
2021-08-26,2512.516845703125,3360.0,3360.0,3320.0,3330.0,55756100
2021-08-27,2482.60595703125,3320.0,3370.0,3310.0,3370.0,62419000
2021-08-30,2542.427734375,3400.0,3400.0,3330.0,3330.0,64177700
2021-08-31,2542.427734375,3400.0,3420.0,3360.0,3400.0,130019000
2021-09-01,2497.561279296875,3340.0,3420.0,3330.0,3420.0,85135200
2021-09-02,2519.994384765625,3370.0,3390.0,3350.0,3350.0,51633800
2021-09-03,2534.94970703125,3390.0,3420.0,3370.0,3400.0,65479800
2021-09-06,2534.94970703125,3390.0,3410.0,3380.0,3410.0,52640400
2021-09-07,2527.472412109375,3380.0,3410.0,3360.0,3410.0,42617400
2021-09-08,2490.083740234375,3330.0,3400.0,3310.0,3400.0,80636800
2021-09-09,2534.94970703125,3390.0,3390.0,3330.0,3360.0,82214400
2021-09-10,2490.083740234375,3330.0,3390.0,3320.0,3380.0,52115300
2021-09-13,2505.0390625,3350.0,3350.0,3300.0,3310.0,45547200
2021-09-14,2572.338623046875,3440.0,3450.0,3350.0,3380.0,166002100
2021-09-15,2579.81640625,3450.0,3450.0,3410.0,3430.0,73158300
2021-09-16,2572.338623046875,3440.0,3470.0,3400.0,3470.0,58318700
2021-09-17,2639.63818359375,3530.0,3530.0,3390.0,3400.0,117573100
2021-09-20,2632.160400390625,3520.0,3520.0,3460.0,3500.0,83985100
2021-09-21,2639.63818359375,3530.0,3560.0,3480.0,3500.0,95848100
2021-09-22,2684.50439453125,3590.0,3590.0,3520.0,3530.0,66835200
2021-09-23,2662.0712890625,3560.0,3610.0,3550.0,3600.0,104737500
2021-09-24,2662.0712890625,3560.0,3580.0,3540.0,3560.0,72224500
2021-09-27,2632.160400390625,3520.0,3560.0,3480.0,3530.0,87303000
2021-09-28,2639.63818359375,3530.0,3540.0,3490.0,3510.0,54671700
2021-09-29,2639.63818359375,3530.0,3540.0,3490.0,3490.0,53170100
2021-09-30,2759.28173828125,3690.0,3690.0,3540.0,3550.0,153853900
2021-10-01,2736.848876953125,3660.0,3690.0,3610.0,3680.0,109898400
2021-10-04,2744.326416015625,3670.0,3670.0,3600.0,3620.0,82205100
2021-10-05,2744.326416015625,3670.0,3680.0,3620.0,3670.0,140488300
2021-10-06,2811.6259765625,3760.0,3770.0,3650.0,3690.0,153535700
2021-10-07,2781.715087890625,3720.0,3740.0,3690.0,3720.0,56837600
2021-10-08,2841.537109375,3800.0,3800.0,3720.0,3730.0,91361800
2021-10-11,2849.0146484375,3810.0,3850.0,3770.0,3800.0,78865000
2021-10-12,2826.581298828125,3780.0,3840.0,3770.0,3780.0,69866300
2021-10-13,2819.103515625,3770.0,3820.0,3750.0,3750.0,87143900
2021-10-14,2863.969970703125,3830.0,3830.0,3770.0,3770.0,95817900
2021-10-15,2849.0146484375,3810.0,3840.0,3750.0,3840.0,69707700
2021-10-18,2834.05908203125,3790.0,3840.0,3790.0,3840.0,78580700
2021-10-19,2796.67041015625,3740.0,3800.0,3720.0,3750.0,61095700
2021-10-21,2878.92529296875,3850.0,3880.0,3760.0,3780.0,169659500
2021-10-22,2893.881103515625,3870.0,3880.0,3820.0,3860.0,59640700
2021-10-25,2826.581298828125,3780.0,3840.0,3780.0,3800.0,58246300
2021-10-26,2841.537109375,3800.0,3830.0,3780.0,3800.0,58615100
2021-10-27,2834.05908203125,3790.0,3830.0,3770.0,3820.0,52210100
2021-10-28,2804.148193359375,3750.0,3820.0,3710.0,3820.0,61151100
2021-10-29,2841.537109375,3800.0,3810.0,3730.0,3750.0,70430900
2021-11-01,2766.759521484375,3700.0,3820.0,3700.0,3810.0,65447100
2021-11-02,2736.848876953125,3660.0,3710.0,3640.0,3700.0,170260000
2021-11-03,2781.715087890625,3720.0,3740.0,3620.0,3620.0,48810500
2021-11-04,2819.103515625,3770.0,3780.0,3720.0,3750.0,53494200
2021-11-05,2819.103515625,3770.0,3770.0,3710.0,3760.0,43133000
2021-11-08,2804.148193359375,3750.0,3780.0,3710.0,3780.0,58758600
2021-11-09,2774.2373046875,3710.0,3740.0,3680.0,3730.0,92427800
2021-11-10,2766.759521484375,3700.0,3720.0,3670.0,3670.0,53511200
2021-11-11,2729.370849609375,3650.0,3730.0,3640.0,3700.0,95789600
2021-11-12,2691.982177734375,3600.0,3660.0,3600.0,3660.0,115142400
2021-11-15,2691.982177734375,3600.0,3650.0,3600.0,3600.0,91001800
2021-11-16,2744.326416015625,3670.0,3680.0,3590.0,3590.0,99590700
2021-11-17,2714.41552734375,3630.0,3690.0,3600.0,3690.0,82023300
2021-11-18,2714.41552734375,3630.0,3640.0,3600.0,3630.0,53290400
2021-11-19,2916.31396484375,3900.0,3920.0,3660.0,3660.0,310615000
2021-11-22,2841.537109375,3800.0,3930.0,3780.0,3920.0,206683100
2021-11-23,2841.537109375,3800.0,3850.0,3780.0,3800.0,67778800
2021-11-24,2841.537109375,3800.0,3840.0,3790.0,3840.0,67303800
2021-11-25,2991.09130859375,4000.0,4090.0,3850.0,3880.0,264897100
2021-11-26,2998.5693359375,4010.0,4050.0,3970.0,4040.0,231870300
2021-11-29,3095.779541015625,4140.0,4170.0,3980.0,4010.0,228774600
2021-11-30,2983.613525390625,3990.0,4170.0,3990.0,4150.0,435800600
2021-12-01,3050.9130859375,4080.0,4150.0,4020.0,4040.0,200699200
2021-12-02,3110.735107421875,4160.0,4190.0,4100.0,4140.0,116093100
2021-12-03,3043.435546875,4070.0,4180.0,4050.0,4130.0,96760700
2021-12-06,3118.212646484375,4170.0,4250.0,4050.0,4060.0,106756900
2021-12-07,3103.25732421875,4150.0,4200.0,4120.0,4180.0,121543400
2021-12-08,3058.39111328125,4090.0,4120.0,4010.0,4100.0,113845600
2021-12-09,3103.25732421875,4150.0,4150.0,4080.0,4090.0,86985800
2021-12-10,3103.25732421875,4150.0,4150.0,4070.0,4070.0,90725000
2021-12-13,3050.9130859375,4080.0,4150.0,4080.0,4150.0,65533000
2021-12-14,3065.868896484375,4100.0,4120.0,4070.0,4120.0,75736900
2021-12-15,3050.9130859375,4080.0,4140.0,4060.0,4060.0,84424500
2021-12-16,3065.868896484375,4100.0,4150.0,4060.0,4110.0,98164300
2021-12-17,3065.868896484375,4100.0,4100.0,4010.0,4010.0,149615800
2021-12-20,3050.9130859375,4080.0,4110.0,4040.0,4070.0,72794200
2021-12-21,3110.735107421875,4160.0,4190.0,4100.0,4110.0,98039300
2021-12-22,3073.346435546875,4110.0,4170.0,4110.0,4160.0,50574500
2021-12-23,3110.735107421875,4160.0,4160.0,4100.0,4110.0,54508200
2021-12-24,3073.346435546875,4110.0,4170.0,4100.0,4160.0,29075600
2021-12-27,3050.9130859375,4080.0,4150.0,4070.0,4150.0,30748000
2021-12-28,3058.39111328125,4090.0,4130.0,4050.0,4080.0,39443300
2021-12-29,3050.9130859375,4080.0,4130.0,4080.0,4100.0,25596100
2021-12-30,3021.002197265625,4040.0,4130.0,4040.0,4130.0,50575100
2022-01-03,3125.690673828125,4180.0,4180.0,4050.0,4060.0,65937900
2022-01-04,3118.212646484375,4170.0,4200.0,4150.0,4180.0,42984700
2022-01-05,3028.47998046875,4050.0,4190.0,4030.0,4150.0,119584700
2022-01-06,3080.823974609375,4120.0,4120.0,4030.0,4090.0,89197500
2022-01-07,3118.212646484375,4170.0,4190.0,4090.0,4120.0,68415100
2022-01-10,3065.868896484375,4100.0,4190.0,4100.0,4180.0,44921200
2022-01-11,3058.39111328125,4090.0,4160.0,4090.0,4120.0,61890200
2022-01-12,3073.346435546875,4110.0,4140.0,4070.0,4110.0,45132700
2022-01-13,3125.690673828125,4180.0,4180.0,4110.0,4170.0,84148400
2022-01-14,3133.16845703125,4190.0,4190.0,4130.0,4140.0,28193100
2022-01-17,3125.690673828125,4180.0,4200.0,4140.0,4200.0,39816300
2022-01-18,3178.034423828125,4250.0,4250.0,4160.0,4200.0,112212200
2022-01-19,3178.034423828125,4250.0,4260.0,4230.0,4260.0,88713900
2022-01-20,3155.601806640625,4220.0,4300.0,4190.0,4300.0,100014500
2022-01-21,3237.8564453125,4330.0,4330.0,4190.0,4240.0,75534800
2022-01-24,3215.423095703125,4300.0,4310.0,4250.0,4260.0,70404500
2022-01-25,3207.945556640625,4290.0,4320.0,4250.0,4310.0,116353600
2022-01-26,3282.722900390625,4390.0,4390.0,4290.0,4380.0,127641400
2022-01-27,3192.989990234375,4270.0,4400.0,4260.0,4400.0,98613900
2022-01-28,3185.512451171875,4260.0,4300.0,4230.0,4260.0,61686700
2022-01-31,3133.16845703125,4190.0,4250.0,4190.0,4210.0,88735900
2022-02-02,3118.212646484375,4170.0,4200.0,4150.0,4170.0,144006000
2022-02-03,3140.64599609375,4200.0,4210.0,4160.0,4200.0,58212400
2022-02-04,3163.0791015625,4230.0,4260.0,4180.0,4260.0,98728700
2022-02-07,3207.945556640625,4290.0,4290.0,4210.0,4230.0,90285800
2022-02-08,3163.0791015625,4230.0,4280.0,4230.0,4280.0,71210400
2022-02-09,3200.467529296875,4280.0,4280.0,4210.0,4280.0,95375000
2022-02-10,3335.06640625,4460.0,4470.0,4340.0,4400.0,233984700
2022-02-11,3327.589599609375,4450.0,4550.0,4410.0,4500.0,130081900
2022-02-14,3290.20068359375,4400.0,4400.0,4310.0,4380.0,104903700
2022-02-15,3297.678466796875,4410.0,4440.0,4360.0,4400.0,75305900
2022-02-16,3290.20068359375,4400.0,4460.0,4380.0,4420.0,90121200
2022-02-17,3297.678466796875,4410.0,4440.0,4360.0,4400.0,72970200
2022-02-18,3290.20068359375,4400.0,4440.0,4370.0,4420.0,71111300
2022-02-21,3267.76708984375,4370.0,4420.0,4340.0,4370.0,58883000
2022-02-22,3215.423095703125,4300.0,4360.0,4250.0,4320.0,106985800
2022-02-23,3252.811767578125,4350.0,4370.0,4270.0,4280.0,110562400
2022-02-24,3170.556884765625,4240.0,4320.0,4200.0,4280.0,126158600
2022-02-25,3245.334228515625,4340.0,4350.0,4240.0,4240.0,208757000
2022-03-01,3252.811767578125,4350.0,4650.0,4350.0,4640.0,206416900
2022-03-02,3207.945556640625,4290.0,4400.0,4270.0,4400.0,152165300
2022-03-04,3290.20068359375,4400.0,4440.0,4300.0,4440.0,155369100
2022-03-07,3372.455322265625,4510.0,4530.0,4370.0,4400.0,177360400
2022-03-08,3454.710693359375,4620.0,4700.0,4540.0,4600.0,234086000
2022-03-09,3320.111572265625,4440.0,4620.0,4420.0,4550.0,145145900
2022-03-10,3297.678466796875,4410.0,4500.0,4380.0,4500.0,130830800
2022-03-11,3432.277587890625,4590.0,4590.0,4400.0,4410.0,143446200
2022-03-14,3424.7998046875,4580.0,4670.0,4540.0,4650.0,166572700
2022-03-15,3454.710693359375,4620.0,4630.0,4570.0,4630.0,231077800
2022-03-16,3462.188232421875,4630.0,4660.0,4550.0,4660.0,109961900
2022-03-17,3350.0224609375,4480.0,4580.0,4450.0,4550.0,246300800
2022-03-18,3394.888671875,4540.0,4540.0,4470.0,4490.0,210266100
2022-03-21,3402.366455078125,4550.0,4570.0,4520.0,4550.0,79691600
2022-03-22,3402.366455078125,4550.0,4580.0,4540.0,4550.0,98699900
2022-03-23,3402.366455078125,4550.0,4570.0,4500.0,4550.0,78299500
2022-03-24,3409.844482421875,4560.0,4570.0,4500.0,4500.0,89578400
2022-03-25,3379.933349609375,4520.0,4540.0,4480.0,4510.0,90053700
2022-03-28,3439.755126953125,4600.0,4600.0,4500.0,4510.0,184131000
2022-03-29,3409.844482421875,4560.0,4620.0,4560.0,4600.0,77920800
2022-03-30,3424.7998046875,4580.0,4620.0,4560.0,4620.0,118749100
2022-03-31,3424.7998046875,4580.0,4640.0,4560.0,4620.0,108109700
2022-04-01,3424.7998046875,4580.0,4580.0,4530.0,4550.0,86590300
2022-04-04,3394.888671875,4540.0,4570.0,4490.0,4560.0,103480300
2022-04-05,3379.933349609375,4520.0,4550.0,4500.0,4550.0,52172300
2022-04-06,3312.634033203125,4430.0,4500.0,4420.0,4490.0,108368800
2022-04-07,3394.888671875,4540.0,4540.0,4440.0,4450.0,143921800
2022-04-08,3424.7998046875,4580.0,4610.0,4560.0,4580.0,161974500
2022-04-11,3432.277587890625,4590.0,4610.0,4550.0,4610.0,90521500
2022-04-12,3462.188232421875,4630.0,4630.0,4580.0,4620.0,187948000
2022-04-13,3507.054931640625,4690.0,4720.0,4650.0,4700.0,196864200
2022-04-14,3499.576904296875,4680.0,4730.0,4660.0,4700.0,112735200
2022-04-18,3522.01025390625,4710.0,4730.0,4690.0,4720.0,120778200
2022-04-19,3499.576904296875,4680.0,4750.0,4680.0,4740.0,92268300
2022-04-20,3462.188232421875,4630.0,4690.0,4620.0,4680.0,88360900
2022-04-21,3454.710693359375,4620.0,4670.0,4600.0,4620.0,97575800
2022-04-22,3454.710693359375,4620.0,4680.0,4580.0,4620.0,101299100
2022-04-25,3522.01025390625,4710.0,4720.0,4580.0,4610.0,92045500
2022-04-26,3559.39892578125,4760.0,4760.0,4670.0,4680.0,85945800
2022-04-27,3566.876220703125,4770.0,4790.0,4720.0,4720.0,136485600
2022-04-28,3454.710693359375,4620.0,4850.0,4620.0,4850.0,198484800
2022-05-09,3222.901123046875,4310.0,4560.0,4300.0,4560.0,343682000
2022-05-10,3245.334228515625,4340.0,4380.0,4120.0,4120.0,281386300
2022-05-11,3237.8564453125,4330.0,4480.0,4330.0,4400.0,154455400
2022-05-12,3215.423095703125,4300.0,4390.0,4250.0,4340.0,233518500
2022-05-13,3185.512451171875,4260.0,4350.0,4230.0,4250.0,190889200
2022-05-17,3125.690673828125,4180.0,4290.0,4180.0,4250.0,170880700
2022-05-18,3178.034423828125,4250.0,4290.0,4190.0,4230.0,185359500
2022-05-19,3148.12353515625,4210.0,4230.0,4150.0,4180.0,112679300
2022-05-20,3118.212646484375,4170.0,4230.0,4170.0,4220.0,141701800
2022-05-23,3073.346435546875,4110.0,4180.0,4070.0,4160.0,196569900
2022-05-24,3103.25732421875,4150.0,4200.0,4120.0,4120.0,151693700
2022-05-25,3140.64599609375,4200.0,4210.0,4150.0,4200.0,166595400
2022-05-27,3215.423095703125,4300.0,4300.0,4210.0,4260.0,186513500
2022-05-30,3178.034423828125,4250.0,4340.0,4200.0,4340.0,107614100
2022-05-31,3222.901123046875,4310.0,4330.0,4230.0,4270.0,469620300
2022-06-02,3207.945556640625,4290.0,4390.0,4270.0,4390.0,164481100
2022-06-03,3222.901123046875,4310.0,4390.0,4300.0,4310.0,108852800
2022-06-06,3245.334228515625,4340.0,4340.0,4270.0,4310.0,79319400
2022-06-07,3178.034423828125,4250.0,4340.0,4250.0,4340.0,142504000
2022-06-08,3178.0078125,4100.0,4170.0,4080.0,4150.0,202555900
2022-06-09,3139.25146484375,4050.0,4130.0,4050.0,4080.0,148580200
2022-06-10,3115.998046875,4020.0,4080.0,4000.0,4040.0,189186700
2022-06-13,3162.505615234375,4080.0,4100.0,3930.0,3950.0,156054900
2022-06-14,3185.759033203125,4110.0,4120.0,4020.0,4050.0,117325600
2022-06-15,3147.0029296875,4060.0,4080.0,4030.0,4060.0,94848800
2022-06-16,3131.50048828125,4040.0,4120.0,4030.0,4120.0,96042200
2022-06-17,3193.51025390625,4120.0,4120.0,3980.0,4010.0,169375800
2022-06-20,3131.50048828125,4040.0,4060.0,4000.0,4050.0,82101200
2022-06-21,3185.759033203125,4110.0,4120.0,4030.0,4060.0,77489000
2022-06-22,3139.25146484375,4050.0,4090.0,4040.0,4090.0,60907800
2022-06-23,3224.515380859375,4160.0,4160.0,4030.0,4030.0,101065400
2022-06-24,3216.76416015625,4150.0,4230.0,4100.0,4230.0,81050700
2022-06-27,3154.75439453125,4070.0,4120.0,4040.0,4110.0,71574300
2022-06-28,3123.749267578125,4030.0,4050.0,4000.0,4010.0,128618800
2022-06-29,3131.50048828125,4040.0,4080.0,4000.0,4000.0,72888100
2022-06-30,3100.49560546875,4000.0,4110.0,4000.0,4110.0,116718900
2022-07-01,3115.998046875,4020.0,4040.0,4000.0,4010.0,39572500
2022-07-04,3092.744384765625,3990.0,4040.0,3840.0,4020.0,115885200
2022-07-05,3092.744384765625,3990.0,4070.0,3950.0,4010.0,72329600
2022-07-06,3115.998046875,4020.0,4050.0,3970.0,4050.0,62679000
2022-07-07,3131.50048828125,4040.0,4050.0,4010.0,4040.0,42393800
2022-07-08,3108.246826171875,4010.0,4060.0,4000.0,4050.0,64049000
2022-07-11,3131.50048828125,4040.0,4100.0,4000.0,4100.0,42258000
2022-07-12,3108.246826171875,4010.0,4060.0,4010.0,4060.0,43399800
2022-07-13,3053.988037109375,3940.0,4030.0,3930.0,4010.0,96218200
2022-07-14,3115.998046875,4020.0,4020.0,3900.0,3940.0,68708500
2022-07-15,3216.76416015625,4150.0,4210.0,4010.0,4040.0,146093800
2022-07-18,3247.76904296875,4190.0,4190.0,4070.0,4110.0,84009400
2022-07-19,3224.515380859375,4160.0,4190.0,4130.0,4190.0,91367900
2022-07-20,3263.271240234375,4210.0,4220.0,4140.0,4140.0,82344000
2022-07-21,3302.027587890625,4260.0,4260.0,4180.0,4210.0,107234600
2022-07-22,3278.774169921875,4230.0,4240.0,4190.0,4240.0,59792300
2022-07-25,3286.525390625,4240.0,4260.0,4220.0,4240.0,37218000
2022-07-26,3294.276611328125,4250.0,4250.0,4190.0,4240.0,49786900
2022-07-27,3333.03271484375,4300.0,4300.0,4210.0,4230.0,60672300
2022-07-28,3286.525390625,4240.0,4320.0,4190.0,4310.0,110767300
2022-07-29,3278.774169921875,4230.0,4300.0,4210.0,4280.0,108823600
2022-08-01,3333.03271484375,4300.0,4300.0,4230.0,4230.0,104724300
2022-08-02,3449.30126953125,4450.0,4450.0,4250.0,4350.0,112228800
2022-08-03,3488.057373046875,4500.0,4590.0,4410.0,4450.0,251825000
2022-08-04,3526.813720703125,4550.0,4550.0,4450.0,4450.0,186881500
2022-08-05,3604.326171875,4650.0,4650.0,4530.0,4590.0,268967200
2022-08-08,3643.082275390625,4700.0,4700.0,4650.0,4700.0,191023500
2022-08-09,3596.57470703125,4640.0,4700.0,4630.0,4700.0,164453900
2022-08-10,3534.565185546875,4560.0,4590.0,4490.0,4530.0,162061400
2022-08-11,3542.31640625,4570.0,4610.0,4520.0,4550.0,123629000
2022-08-12,3526.813720703125,4550.0,4600.0,4530.0,4570.0,124552500
2022-08-15,3449.30126953125,4450.0,4570.0,4440.0,4540.0,136882800
2022-08-16,3418.296630859375,4410.0,4580.0,4410.0,4530.0,127710800
2022-08-18,3526.813720703125,4550.0,4550.0,4350.0,4360.0,182044300
2022-08-19,3565.56982421875,4600.0,4610.0,4460.0,4560.0,177623900
2022-08-22,3604.326171875,4650.0,4660.0,4530.0,4550.0,202320400
2022-08-23,3612.077392578125,4660.0,4710.0,4610.0,4680.0,229431400
2022-08-24,3681.8388671875,4750.0,4770.0,4600.0,4660.0,189007900
2022-08-25,3542.31640625,4570.0,4700.0,4560.0,4680.0,179495700
2022-08-26,3480.30615234375,4490.0,4540.0,4480.0,4510.0,184317100
2022-08-29,3503.559814453125,4520.0,4550.0,4360.0,4370.0,101529800
2022-08-30,3472.554931640625,4480.0,4620.0,4480.0,4580.0,118884300
2022-08-31,3534.565185546875,4560.0,4600.0,4420.0,4420.0,175300400
2022-09-01,3550.067626953125,4580.0,4650.0,4530.0,4560.0,120871700
2022-09-02,3565.56982421875,4600.0,4620.0,4540.0,4540.0,106985000
2022-09-05,3581.072021484375,4620.0,4630.0,4550.0,4560.0,77323800
2022-09-06,3495.80859375,4510.0,4620.0,4510.0,4610.0,61970100
2022-09-07,3480.30615234375,4490.0,4560.0,4480.0,4500.0,106145700
2022-09-08,3534.565185546875,4560.0,4640.0,4500.0,4500.0,123389200
2022-09-09,3565.56982421875,4600.0,4600.0,4530.0,4550.0,50307800
2022-09-12,3519.062255859375,4540.0,4600.0,4530.0,4600.0,74820600
2022-09-13,3503.559814453125,4520.0,4560.0,4520.0,4540.0,91510200
2022-09-14,3472.554931640625,4480.0,4530.0,4460.0,4490.0,97919200
2022-09-15,3488.057373046875,4500.0,4600.0,4500.0,4540.0,125599900
2022-09-16,3418.296630859375,4410.0,4500.0,4410.0,4500.0,210277300
2022-09-19,3488.057373046875,4500.0,4560.0,4440.0,4460.0,116164500
2022-09-20,3472.554931640625,4480.0,4540.0,4480.0,4530.0,100743700
2022-09-21,3433.798828125,4430.0,4470.0,4410.0,4450.0,91363200
2022-09-22,3433.798828125,4430.0,4450.0,4380.0,4400.0,89922900
2022-09-23,3395.04248046875,4380.0,4430.0,4380.0,4400.0,95911400
2022-09-26,3457.05224609375,4460.0,4510.0,4300.0,4390.0,132185400
2022-09-27,3441.550048828125,4440.0,4470.0,4380.0,4450.0,123113800
2022-09-28,3464.8037109375,4470.0,4530.0,4400.0,4430.0,104385500
2022-09-29,3441.550048828125,4440.0,4500.0,4420.0,4460.0,90290400
2022-09-30,3457.05224609375,4460.0,4500.0,4390.0,4400.0,111482000
2022-10-03,3457.05224609375,4460.0,4470.0,4380.0,4460.0,77569100
2022-10-04,3441.550048828125,4440.0,4510.0,4430.0,4460.0,87832800
2022-10-05,3457.05224609375,4460.0,4540.0,4460.0,4490.0,61888400
2022-10-06,3433.798828125,4430.0,4480.0,4420.0,4460.0,60464300
2022-10-07,3371.78857421875,4350.0,4430.0,4350.0,4400.0,102570000
2022-10-10,3426.0478515625,4420.0,4420.0,4330.0,4340.0,72389100
2022-10-11,3340.7841796875,4310.0,4380.0,4310.0,4360.0,108794500
2022-10-12,3364.03759765625,4340.0,4350.0,4280.0,4300.0,107938600
2022-10-13,3333.03271484375,4300.0,4350.0,4290.0,4330.0,70034500
2022-10-14,3325.28125,4290.0,4360.0,4290.0,4360.0,68096300
2022-10-17,3356.28662109375,4330.0,4330.0,4200.0,4200.0,90321700
2022-10-18,3294.276611328125,4250.0,4340.0,4250.0,4310.0,72516000
2022-10-19,3255.52001953125,4200.0,4300.0,4200.0,4220.0,65848300
2022-10-20,3371.78857421875,4350.0,4350.0,4200.0,4200.0,165391500
2022-10-21,3379.5400390625,4360.0,4390.0,4300.0,4300.0,79825700
2022-10-24,3418.296630859375,4410.0,4450.0,4380.0,4380.0,76777200
2022-10-25,3402.7939453125,4390.0,4470.0,4390.0,4430.0,109154300
2022-10-26,3387.291259765625,4370.0,4430.0,4330.0,4420.0,97320500
2022-10-27,3387.291259765625,4370.0,4410.0,4340.0,4390.0,80270300
2022-10-28,3449.30126953125,4450.0,4450.0,4380.0,4420.0,91101500
2022-10-31,3402.7939453125,4390.0,4460.0,4360.0,4460.0,162753500
2022-11-01,3426.0478515625,4420.0,4420.0,4360.0,4420.0,108592900
2022-11-02,3271.022705078125,4220.0,4420.0,4220.0,4400.0,217855200
2022-11-03,3201.261474609375,4130.0,4170.0,4050.0,4140.0,231475000
2022-11-04,3263.271240234375,4210.0,4210.0,4070.0,4070.0,201183100
2022-11-07,3317.530029296875,4280.0,4280.0,4160.0,4250.0,129868800
2022-11-08,3271.022705078125,4220.0,4280.0,4200.0,4270.0,110546800
2022-11-09,3247.76904296875,4190.0,4230.0,4180.0,4200.0,145833200
2022-11-10,3232.266845703125,4170.0,4210.0,4110.0,4110.0,81249200
2022-11-11,3216.76416015625,4150.0,4180.0,4140.0,4160.0,227799300
2022-11-14,3139.25146484375,4050.0,4120.0,4030.0,4090.0,188771200
2022-11-15,3139.25146484375,4050.0,4080.0,4030.0,4050.0,88570400
2022-11-16,3139.25146484375,4050.0,4070.0,3960.0,4000.0,149512300
2022-11-17,3131.50048828125,4040.0,4070.0,4020.0,4020.0,68616700
2022-11-18,3108.246826171875,4010.0,4080.0,4010.0,4070.0,115907900
2022-11-21,3123.749267578125,4030.0,4060.0,4010.0,4020.0,45277400
2022-11-22,3100.49560546875,4000.0,4040.0,4000.0,4020.0,83888300
2022-11-23,3077.24169921875,3970.0,4030.0,3970.0,3990.0,95750400
2022-11-24,3123.749267578125,4030.0,4040.0,3980.0,3980.0,50741600
2022-11-25,3123.749267578125,4030.0,4040.0,3980.0,4010.0,73305800
2022-11-28,3084.9931640625,3980.0,4040.0,3980.0,4030.0,94063100
2022-11-29,3084.9931640625,3980.0,4020.0,3980.0,3980.0,94389800
2022-11-30,3131.50048828125,4040.0,4050.0,3970.0,3970.0,585687400
2022-12-01,3069.490478515625,3960.0,4040.0,3960.0,4020.0,230066600
2022-12-02,3100.49560546875,4000.0,4020.0,3930.0,3950.0,113336600
2022-12-05,2976.475830078125,3840.0,3990.0,3820.0,3980.0,148751200
2022-12-06,2790.446044921875,3600.0,3720.0,3580.0,3640.0,416468700
2022-12-07,2852.4560546875,3680.0,3700.0,3570.0,3600.0,278572200
2022-12-08,2898.963623046875,3740.0,3780.0,3620.0,3700.0,245646400
2022-12-09,2829.202392578125,3650.0,3720.0,3630.0,3680.0,164606100
2022-12-12,2867.958251953125,3700.0,3710.0,3640.0,3670.0,170545000
2022-12-13,2906.714599609375,3750.0,3790.0,3680.0,3690.0,231127000
2022-12-14,2906.714599609375,3750.0,3820.0,3740.0,3820.0,107175700
2022-12-15,2844.70458984375,3670.0,3720.0,3670.0,3680.0,143233600
2022-12-16,2852.4560546875,3680.0,3740.0,3610.0,3610.0,310944500
2022-12-19,2883.460693359375,3720.0,3790.0,3680.0,3740.0,119137700
2022-12-20,2883.460693359375,3720.0,3750.0,3700.0,3730.0,55351300
2022-12-21,2937.719482421875,3790.0,3790.0,3670.0,3690.0,98741000
2022-12-22,2906.714599609375,3750.0,3810.0,3740.0,3800.0,68702100
2022-12-23,2929.96826171875,3780.0,3780.0,3700.0,3710.0,45179400
2022-12-26,2906.714599609375,3750.0,3800.0,3730.0,3780.0,19216700
2022-12-27,2953.221923828125,3810.0,3840.0,3750.0,3770.0,49816500
2022-12-28,2891.212158203125,3730.0,3810.0,3710.0,3800.0,65006300
2022-12-29,2929.96826171875,3780.0,3790.0,3710.0,3720.0,51703500
2022-12-30,2906.714599609375,3750.0,3800.0,3750.0,3760.0,79677300
2023-01-02,2945.470703125,3800.0,3800.0,3750.0,3750.0,7959900
2023-01-03,2991.97802734375,3860.0,3890.0,3770.0,3790.0,64235000
2023-01-04,2960.97314453125,3820.0,3860.0,3810.0,3840.0,56785600
2023-01-05,2922.216796875,3770.0,3820.0,3720.0,3800.0,135167000
2023-01-06,2875.70947265625,3710.0,3770.0,3710.0,3750.0,65207400
2023-01-09,2937.719482421875,3790.0,3790.0,3730.0,3730.0,46616400
2023-01-10,2968.724609375,3830.0,3850.0,3750.0,3810.0,80009900
2023-01-11,2999.729248046875,3870.0,3900.0,3790.0,3820.0,75139300
2023-01-12,2991.97802734375,3860.0,3900.0,3780.0,3790.0,105775500
2023-01-13,2929.96826171875,3780.0,3860.0,3770.0,3820.0,85780600
2023-01-16,2984.226806640625,3850.0,3850.0,3780.0,3780.0,58918700
2023-01-17,3061.7392578125,3950.0,3990.0,3860.0,3870.0,132256600
2023-01-18,3046.23681640625,3930.0,4010.0,3900.0,4010.0,94772000
2023-01-19,3015.23193359375,3890.0,3980.0,3880.0,3900.0,109555200
2023-01-20,2999.729248046875,3870.0,3920.0,3850.0,3910.0,88457800
2023-01-24,2984.226806640625,3850.0,3910.0,3850.0,3890.0,45504900
2023-01-25,2976.475830078125,3840.0,3880.0,3810.0,3850.0,80575100
2023-01-26,3077.24169921875,3970.0,4000.0,3850.0,3850.0,117238000
2023-01-27,3069.490478515625,3960.0,3990.0,3950.0,3970.0,100769500
2023-01-30,3069.490478515625,3960.0,3970.0,3910.0,3960.0,59425300
2023-01-31,2984.226806640625,3850.0,3950.0,3850.0,3940.0,179726700
2023-02-01,2999.729248046875,3870.0,3900.0,3840.0,3850.0,70997300
2023-02-02,3015.23193359375,3890.0,3900.0,3840.0,3850.0,78852300
2023-02-03,3007.480712890625,3880.0,3920.0,3870.0,3910.0,55154800
2023-02-06,3007.480712890625,3880.0,3910.0,3850.0,3860.0,58861300
2023-02-07,2945.470703125,3800.0,3880.0,3800.0,3880.0,76254900
2023-02-08,2976.475830078125,3840.0,3850.0,3790.0,3800.0,65856500
2023-02-09,2922.216796875,3770.0,3840.0,3760.0,3840.0,91337300
2023-02-10,2945.470703125,3800.0,3800.0,3690.0,3750.0,88759600
2023-02-13,2937.719482421875,3790.0,3810.0,3750.0,3800.0,69004400
2023-02-14,2945.470703125,3800.0,3830.0,3760.0,3830.0,80331100
2023-02-15,2937.719482421875,3790.0,3820.0,3730.0,3810.0,59028200
2023-02-16,2922.216796875,3770.0,3800.0,3750.0,3800.0,49869900
2023-02-17,2914.4658203125,3760.0,3770.0,3720.0,3770.0,50369000
2023-02-20,2960.97314453125,3820.0,3820.0,3760.0,3760.0,57438900
2023-02-21,2976.475830078125,3840.0,3870.0,3830.0,3850.0,63880300
2023-02-22,2991.97802734375,3860.0,3870.0,3800.0,3850.0,48505600
2023-02-23,3077.24169921875,3970.0,3970.0,3890.0,3950.0,109147100
2023-02-24,3131.50048828125,4040.0,4040.0,3950.0,4000.0,142165700
2023-02-27,3069.490478515625,3960.0,4000.0,3920.0,3990.0,66461600
2023-02-28,3007.480712890625,3880.0,3970.0,3880.0,3930.0,115766900
2023-03-01,3046.23681640625,3930.0,3990.0,3910.0,3930.0,47395200
2023-03-02,3007.480712890625,3880.0,3930.0,3880.0,3900.0,43208800
2023-03-03,3022.983154296875,3900.0,3920.0,3870.0,3880.0,49796000
2023-03-06,3007.480712890625,3880.0,3950.0,3870.0,3940.0,50103800
2023-03-07,3007.480712890625,3880.0,3910.0,3850.0,3890.0,59086800
2023-03-08,3053.988037109375,3940.0,3940.0,3850.0,3850.0,78551000
2023-03-09,3077.24169921875,3970.0,4000.0,3960.0,3970.0,68725500
2023-03-10,3108.246826171875,4010.0,4020.0,3930.0,3960.0,76136200
2023-03-13,3154.75439453125,4070.0,4090.0,3980.0,4020.0,104663300
2023-03-14,3115.998046875,4020.0,4090.0,4000.0,4030.0,111430100
2023-03-15,3108.246826171875,4010.0,4050.0,3990.0,4050.0,65025400
2023-03-16,3139.25146484375,4050.0,4060.0,3980.0,4040.0,96707900
2023-03-17,3139.25146484375,4050.0,4100.0,4030.0,4090.0,232270900
2023-03-20,3092.744384765625,3990.0,4050.0,3940.0,4050.0,105982700
2023-03-21,3193.51025390625,4120.0,4120.0,4000.0,4000.0,88808200
2023-03-24,3154.75439453125,4070.0,4120.0,4060.0,4100.0,96214700
2023-03-27,3139.25146484375,4050.0,4120.0,4030.0,4100.0,71556400
2023-03-28,3139.25146484375,4050.0,4100.0,4030.0,4100.0,87955300
2023-03-29,3178.0078125,4100.0,4120.0,4070.0,4090.0,113504700
2023-03-30,3170.2568359375,4090.0,4130.0,4040.0,4050.0,87690800
2023-03-31,3147.0029296875,4060.0,4120.0,4040.0,4110.0,93699000
2023-04-03,3162.505615234375,4080.0,4100.0,4070.0,4100.0,56896200
2023-04-04,3147.0029296875,4060.0,4100.0,4040.0,4080.0,82969200
2023-04-05,3216.76416015625,4150.0,4170.0,4080.0,4100.0,70419100
2023-04-06,3294.276611328125,4250.0,4270.0,4170.0,4200.0,125329700
2023-04-10,3333.03271484375,4300.0,4300.0,4190.0,4250.0,85757900
2023-04-11,3333.03271484375,4300.0,4300.0,4250.0,4290.0,84322900
2023-04-12,3340.7841796875,4310.0,4350.0,4260.0,4320.0,178923700
2023-04-13,3364.03759765625,4340.0,4350.0,4290.0,4340.0,119431600
2023-04-14,3364.03759765625,4340.0,4360.0,4320.0,4340.0,117305500
2023-04-17,3309.77880859375,4270.0,4340.0,4250.0,4340.0,59688000
2023-04-18,3309.77880859375,4270.0,4280.0,4230.0,4240.0,65644600
2023-04-26,3410.545166015625,4400.0,4500.0,4330.0,4480.0,198984100
2023-04-27,3348.535400390625,4320.0,4450.0,4300.0,4450.0,58407000
2023-04-28,3294.276611328125,4250.0,4320.0,4220.0,4270.0,112116900
2023-05-02,3247.76904296875,4190.0,4220.0,4130.0,4210.0,117097400
2023-05-03,3216.76416015625,4150.0,4200.0,4080.0,4200.0,158597800
2023-05-04,3216.76416015625,4150.0,4190.0,4140.0,4170.0,98421300
2023-05-05,3232.266845703125,4170.0,4170.0,4080.0,4160.0,113408100
2023-05-08,3147.0029296875,4060.0,4180.0,4040.0,4170.0,121002600
2023-05-09,3154.75439453125,4070.0,4090.0,4030.0,4050.0,105907900
2023-05-10,3201.261474609375,4130.0,4130.0,4040.0,4050.0,84306600
2023-05-11,3170.2568359375,4090.0,4120.0,4060.0,4100.0,74171300
2023-05-12,3084.9931640625,3980.0,4050.0,3950.0,4050.0,236777600
2023-05-15,3084.9931640625,3980.0,3990.0,3930.0,3990.0,113329300
2023-05-16,3084.9931640625,3980.0,4020.0,3940.0,4020.0,68777200
2023-05-17,3092.744384765625,3990.0,4020.0,3960.0,3980.0,83183300
2023-05-19,3115.998046875,4020.0,4060.0,3970.0,3990.0,95986000
2023-05-22,3131.50048828125,4040.0,4080.0,3980.0,4000.0,115578100
2023-05-23,3131.50048828125,4040.0,4080.0,4030.0,4030.0,132751000
2023-05-24,3224.515380859375,4160.0,4200.0,4020.0,4020.0,194127500
2023-05-25,3193.51025390625,4120.0,4220.0,4120.0,4190.0,122121000
2023-05-26,3201.261474609375,4130.0,4160.0,4110.0,4140.0,62211800
2023-05-29,3255.52001953125,4200.0,4200.0,4090.0,4120.0,77540300
2023-05-30,3193.51025390625,4120.0,4190.0,4120.0,4140.0,78924700
2023-05-31,3131.50048828125,4040.0,4160.0,4040.0,4120.0,1155861400
2023-06-05,3162.505615234375,4080.0,4130.0,4020.0,4060.0,189129300
2023-06-06,3170.2568359375,4090.0,4130.0,4050.0,4090.0,95792700
2023-06-07,3216.76416015625,4150.0,4150.0,4080.0,4100.0,127707400
2023-06-08,3232.266845703125,4170.0,4180.0,4120.0,4160.0,78989700
2023-06-09,3216.76416015625,4150.0,4170.0,4140.0,4170.0,83014700
2023-06-12,3271.366455078125,4050.0,4050.0,4010.0,4040.0,94687300
2023-06-13,3255.211669921875,4030.0,4060.0,4030.0,4040.0,69609000
2023-06-14,3230.9794921875,4000.0,4040.0,3990.0,4020.0,110730800
2023-06-15,3247.13427734375,4020.0,4040.0,3980.0,3990.0,85391800
2023-06-16,3206.7470703125,3970.0,4030.0,3960.0,4020.0,160978900
2023-06-19,3198.669677734375,3960.0,3990.0,3950.0,3960.0,54934100
2023-06-20,3222.902099609375,3990.0,3990.0,3950.0,3980.0,55155600
2023-06-21,3214.824462890625,3980.0,3980.0,3950.0,3970.0,60191300
2023-06-22,3182.5146484375,3940.0,3990.0,3940.0,3980.0,56150900
2023-06-23,3190.59228515625,3950.0,3960.0,3940.0,3940.0,41812400
2023-06-26,3222.902099609375,3990.0,3990.0,3940.0,3940.0,36011500
2023-06-27,3230.9794921875,4000.0,4030.0,3990.0,4030.0,64879900
2023-07-03,3230.9794921875,4000.0,4030.0,3970.0,4030.0,75193200
2023-07-04,3206.7470703125,3970.0,4010.0,3970.0,4000.0,33974300
2023-07-05,3214.824462890625,3980.0,3980.0,3950.0,3970.0,43303000
2023-07-06,3198.669677734375,3960.0,3990.0,3960.0,3970.0,68088900
2023-07-07,3198.669677734375,3960.0,3980.0,3950.0,3960.0,50474800
2023-07-10,3190.59228515625,3950.0,3980.0,3940.0,3960.0,65643300
2023-07-11,3214.824462890625,3980.0,3990.0,3950.0,3950.0,89768500
2023-07-12,3214.824462890625,3980.0,4010.0,3970.0,3980.0,73770400
2023-07-13,3166.35986328125,3920.0,3970.0,3910.0,3960.0,83009900
2023-07-14,3174.437255859375,3930.0,3960.0,3920.0,3960.0,64886900
2023-07-17,3158.282470703125,3910.0,3970.0,3910.0,3950.0,81399700
2023-07-18,3109.817626953125,3850.0,3930.0,3820.0,3930.0,135860500
2023-07-20,3109.817626953125,3850.0,3860.0,3810.0,3820.0,88907600
2023-07-21,3117.89501953125,3860.0,3870.0,3840.0,3840.0,53955100
2023-07-24,3150.204833984375,3900.0,3930.0,3870.0,3880.0,80710100
2023-07-25,3134.050048828125,3880.0,3920.0,3880.0,3920.0,66434400
2023-07-26,3134.050048828125,3880.0,3900.0,3830.0,3890.0,86732900
2023-07-27,3004.81103515625,3720.0,3860.0,3720.0,3840.0,235026400
2023-07-28,3004.81103515625,3720.0,3750.0,3690.0,3710.0,181626700
2023-07-31,3004.81103515625,3720.0,3750.0,3670.0,3700.0,153583300
2023-08-01,3029.043212890625,3750.0,3780.0,3700.0,3700.0,97680500
2023-08-02,2980.578369140625,3690.0,3740.0,3680.0,3740.0,121333500
2023-08-03,3004.81103515625,3720.0,3760.0,3670.0,3670.0,82013300
2023-08-04,2980.578369140625,3690.0,3730.0,3690.0,3720.0,67746800
2023-08-07,2972.501220703125,3680.0,3720.0,3680.0,3700.0,94909700
2023-08-08,3012.888427734375,3730.0,3760.0,3680.0,3680.0,116329400
2023-08-09,3045.197998046875,3770.0,3800.0,3740.0,3750.0,129416100
2023-08-10,3069.430419921875,3800.0,3830.0,3800.0,3800.0,140158900
2023-08-11,3077.508056640625,3810.0,3840.0,3790.0,3830.0,109714400
2023-08-14,3093.662841796875,3830.0,3830.0,3760.0,3810.0,86871800
2023-08-15,3085.585205078125,3820.0,3830.0,3800.0,3800.0,80015200
2023-08-16,3093.662841796875,3830.0,3830.0,3750.0,3790.0,81507800
2023-08-18,3037.12060546875,3760.0,3800.0,3760.0,3790.0,108780100
2023-08-21,3020.9658203125,3740.0,3780.0,3720.0,3760.0,64449000
2023-08-22,3029.043212890625,3750.0,3780.0,3730.0,3740.0,98059600
2023-08-23,3020.9658203125,3740.0,3770.0,3730.0,3750.0,84842500
2023-08-24,3004.81103515625,3720.0,3770.0,3720.0,3730.0,82789700
2023-08-25,3004.81103515625,3720.0,3730.0,3700.0,3700.0,42049200
2023-08-28,2988.656005859375,3700.0,3740.0,3700.0,3730.0,37727500
2023-08-29,3004.81103515625,3720.0,3720.0,3700.0,3700.0,53453600
2023-08-30,3077.508056640625,3810.0,3850.0,3720.0,3730.0,130027200
2023-08-31,3012.888427734375,3730.0,3820.0,3700.0,3810.0,227635800
2023-09-01,3004.81103515625,3720.0,3740.0,3710.0,3710.0,82253200
2023-09-04,3012.888427734375,3730.0,3750.0,3710.0,3720.0,55881900
2023-09-05,3020.9658203125,3740.0,3750.0,3710.0,3730.0,62933300
2023-09-06,3061.35302734375,3790.0,3810.0,3740.0,3750.0,98673400
2023-09-07,3037.12060546875,3760.0,3790.0,3730.0,3780.0,63054500
2023-09-08,2980.578369140625,3690.0,3770.0,3670.0,3770.0,143090100
2023-09-11,2988.656005859375,3700.0,3710.0,3680.0,3710.0,76577500
2023-09-12,2996.7333984375,3710.0,3740.0,3700.0,3700.0,72170600
2023-09-13,2996.7333984375,3710.0,3720.0,3670.0,3720.0,82635900
2023-09-14,2972.501220703125,3680.0,3720.0,3680.0,3710.0,55532900
2023-09-15,3004.81103515625,3720.0,3780.0,3670.0,3680.0,147757300
2023-09-18,2972.501220703125,3680.0,3720.0,3680.0,3700.0,40645900
2023-09-19,3012.888427734375,3730.0,3740.0,3690.0,3690.0,38375000
2023-09-20,3077.508056640625,3810.0,3850.0,3740.0,3740.0,171751900
2023-09-21,3077.508056640625,3810.0,3840.0,3790.0,3810.0,94880700
2023-09-22,3117.89501953125,3860.0,3880.0,3810.0,3830.0,101185700
2023-09-25,3045.197998046875,3770.0,3830.0,3770.0,3810.0,125817700
2023-09-26,3037.12060546875,3760.0,3800.0,3750.0,3770.0,74734500
2023-09-27,3004.81103515625,3720.0,3780.0,3720.0,3750.0,83337700
2023-09-29,3029.043212890625,3750.0,3800.0,3730.0,3730.0,66219300
2023-10-02,3029.043212890625,3750.0,3780.0,3730.0,3750.0,71945000
2023-10-03,3045.197998046875,3770.0,3800.0,3740.0,3750.0,61155100
2023-10-04,3053.275390625,3780.0,3800.0,3740.0,3800.0,77527700
2023-10-05,3004.81103515625,3720.0,3800.0,3720.0,3790.0,81258900
2023-10-06,3053.275390625,3780.0,3800.0,3770.0,3780.0,60156100
2023-10-09,3037.12060546875,3760.0,3780.0,3750.0,3770.0,37711400
2023-10-10,3077.508056640625,3810.0,3820.0,3770.0,3780.0,51167900
2023-10-11,3053.275390625,3780.0,3810.0,3780.0,3780.0,83154300
2023-10-12,3093.662841796875,3830.0,3870.0,3800.0,3820.0,101645100
2023-10-13,3109.817626953125,3850.0,3850.0,3810.0,3820.0,48856500
2023-10-16,3037.12060546875,3760.0,3850.0,3740.0,3850.0,117472800
2023-10-17,3061.35302734375,3790.0,3810.0,3770.0,3780.0,57046900
2023-10-18,3029.043212890625,3750.0,3780.0,3730.0,3770.0,64910600
2023-10-19,3012.888427734375,3730.0,3760.0,3720.0,3730.0,62296900
2023-10-20,2988.656005859375,3700.0,3730.0,3690.0,3720.0,38978200
2023-10-23,2915.958740234375,3610.0,3720.0,3610.0,3710.0,69428400
2023-10-24,2948.268798828125,3650.0,3670.0,3600.0,3640.0,67041700
2023-10-25,2907.881591796875,3600.0,3680.0,3580.0,3650.0,89567900
2023-10-26,2810.9521484375,3480.0,3610.0,3460.0,3600.0,141139700
2023-10-27,2827.107177734375,3500.0,3530.0,3440.0,3480.0,99607000
2023-10-30,2762.487548828125,3420.0,3500.0,3390.0,3500.0,82945500
2023-10-31,2819.029541015625,3490.0,3510.0,3400.0,3400.0,66801600
2023-11-01,2924.036376953125,3620.0,3700.0,3600.0,3600.0,154441100
2023-11-02,2924.036376953125,3620.0,3690.0,3620.0,3690.0,69582500
2023-11-03,2883.649169921875,3570.0,3630.0,3540.0,3590.0,85146800
2023-11-06,2948.268798828125,3650.0,3650.0,3600.0,3610.0,66902400
2023-11-07,2883.649169921875,3570.0,3610.0,3550.0,3600.0,103642200
2023-11-08,2843.26171875,3520.0,3540.0,3500.0,3520.0,103415400
2023-11-09,2851.339111328125,3530.0,3570.0,3500.0,3500.0,96594900
2023-11-10,2867.494140625,3550.0,3550.0,3490.0,3520.0,48619500
2023-11-13,2843.26171875,3520.0,3570.0,3510.0,3570.0,37975400
2023-11-14,2827.107177734375,3500.0,3540.0,3500.0,3500.0,45987000
2023-11-15,2867.494140625,3550.0,3570.0,3520.0,3520.0,114104500
2023-11-16,2859.416748046875,3540.0,3550.0,3510.0,3550.0,41789400
2023-11-17,2867.494140625,3550.0,3550.0,3480.0,3530.0,55585600
2023-11-20,2899.803955078125,3590.0,3600.0,3540.0,3560.0,39932700
2023-11-21,2924.036376953125,3620.0,3620.0,3580.0,3590.0,68255800
2023-11-22,2915.958740234375,3610.0,3630.0,3590.0,3610.0,34555300
2023-11-23,2907.881591796875,3600.0,3630.0,3590.0,3610.0,57385100
2023-11-24,2924.036376953125,3620.0,3620.0,3570.0,3600.0,34583700
2023-11-27,2972.501220703125,3680.0,3730.0,3640.0,3640.0,73888700
2023-11-28,3045.197998046875,3770.0,3800.0,3680.0,3680.0,106829100
2023-11-29,3004.81103515625,3720.0,3770.0,3700.0,3750.0,56467400
2023-11-30,3037.12060546875,3760.0,3820.0,3740.0,3750.0,258522400
2023-12-01,3093.662841796875,3830.0,3840.0,3790.0,3790.0,81037200
2023-12-04,3077.508056640625,3810.0,3860.0,3780.0,3840.0,118483900
2023-12-05,3109.817626953125,3850.0,3850.0,3800.0,3830.0,74608900
2023-12-06,3166.35986328125,3920.0,3950.0,3870.0,3900.0,149345100
2023-12-07,3158.282470703125,3910.0,3950.0,3880.0,3950.0,91076200
2023-12-08,3182.5146484375,3940.0,3940.0,3900.0,3940.0,61476300
2023-12-11,3214.824462890625,3980.0,3980.0,3850.0,3870.0,99365500
2023-12-12,3158.282470703125,3910.0,3950.0,3890.0,3940.0,58707700
2023-12-13,3166.35986328125,3920.0,3920.0,3870.0,3870.0,54386800
2023-12-14,3182.5146484375,3940.0,3960.0,3880.0,3880.0,70705300
2023-12-15,3214.824462890625,3980.0,3980.0,3900.0,3940.0,109064200
2023-12-18,3206.7470703125,3970.0,3970.0,3930.0,3940.0,60940400
2023-12-19,3206.7470703125,3970.0,3970.0,3940.0,3950.0,32984500
2023-12-20,3198.669677734375,3960.0,3990.0,3960.0,3960.0,59574800
2023-12-21,3190.59228515625,3950.0,3970.0,3930.0,3960.0,48242100
2023-12-22,3198.669677734375,3960.0,3980.0,3950.0,3980.0,28222700
2023-12-27,3182.5146484375,3940.0,4000.0,3920.0,3990.0,73157200
2023-12-28,3198.669677734375,3960.0,3970.0,3940.0,3960.0,34024400
2023-12-29,3190.59228515625,3950.0,3980.0,3940.0,3960.0,27497600
2024-01-02,3222.902099609375,3990.0,3990.0,3940.0,3950.0,23774100
2024-01-03,3198.669677734375,3960.0,3990.0,3950.0,3990.0,22018500
2024-01-04,3206.7470703125,3970.0,3990.0,3960.0,3980.0,33922400
2024-01-05,3142.127685546875,3890.0,3970.0,3880.0,3950.0,69268000
2024-01-08,3142.127685546875,3890.0,3920.0,3860.0,3890.0,61064100
2024-01-09,3198.669677734375,3960.0,3980.0,3920.0,3930.0,64015400
2024-01-10,3230.9794921875,4000.0,4030.0,3980.0,4000.0,99083600
2024-01-11,3222.902099609375,3990.0,4040.0,3990.0,4040.0,36333300
2024-01-12,3239.056884765625,4010.0,4010.0,3970.0,3970.0,53685600
2024-01-15,3230.9794921875,4000.0,4040.0,3980.0,4040.0,38339500
2024-01-16,3239.056884765625,4010.0,4030.0,3980.0,4020.0,44782300
2024-01-17,3222.902099609375,3990.0,4010.0,3970.0,4000.0,62728400
2024-01-18,3190.59228515625,3950.0,4010.0,3930.0,3990.0,73029300
2024-01-19,3182.5146484375,3940.0,3960.0,3890.0,3950.0,67016100
2024-01-22,3214.824462890625,3980.0,4010.0,3960.0,3980.0,50643700
2024-01-23,3190.59228515625,3950.0,4010.0,3910.0,4000.0,72595400
2024-01-24,3206.7470703125,3970.0,3980.0,3930.0,3950.0,38732000
2024-01-25,3214.824462890625,3980.0,4000.0,3960.0,3980.0,58541300
2024-01-26,3214.824462890625,3980.0,3990.0,3930.0,3940.0,65272600
2024-01-29,3239.056884765625,4010.0,4010.0,3970.0,4000.0,59150000
2024-01-30,3230.9794921875,4000.0,4020.0,3980.0,4000.0,66906900
2024-01-31,3198.669677734375,3960.0,4020.0,3960.0,4000.0,100403700
2024-02-01,3263.289306640625,4040.0,4050.0,3970.0,3970.0,105414400
2024-02-02,3222.902099609375,3990.0,4030.0,3930.0,4030.0,96180000
2024-02-05,3214.824462890625,3980.0,4010.0,3970.0,4010.0,57789500
2024-02-06,3214.824462890625,3980.0,4000.0,3970.0,3970.0,65167500
2024-02-07,3214.824462890625,3980.0,4020.0,3980.0,4010.0,53084600
2024-02-12,3230.9794921875,4000.0,4020.0,3970.0,4000.0,85763200
2024-02-13,3214.824462890625,3980.0,4010.0,3980.0,4010.0,52020300
2024-02-15,3255.211669921875,4030.0,4080.0,3980.0,4040.0,129347900
2024-02-16,3360.21875,4160.0,4160.0,4050.0,4050.0,244064200
2024-02-19,3360.21875,4160.0,4170.0,4130.0,4130.0,82867500
2024-02-20,3400.605712890625,4210.0,4210.0,4160.0,4200.0,267636700
2024-02-21,3376.37353515625,4180.0,4240.0,4070.0,4190.0,152787100
2024-02-22,3303.676513671875,4090.0,4150.0,4070.0,4130.0,93555100
2024-02-23,3311.75390625,4100.0,4100.0,4040.0,4070.0,87665800
2024-02-26,3303.676513671875,4090.0,4100.0,4050.0,4060.0,55761700
2024-02-27,3222.902099609375,3990.0,4060.0,3990.0,4050.0,119637000
2024-02-28,3222.902099609375,3990.0,4020.0,3950.0,3980.0,77255300
2024-02-29,3230.9794921875,4000.0,4040.0,3950.0,4020.0,157431900
2024-03-01,3166.35986328125,3920.0,3990.0,3860.0,3950.0,139582000
2024-03-04,3182.5146484375,3940.0,3960.0,3900.0,3960.0,81580800
2024-03-05,3125.97265625,3870.0,3900.0,3860.0,3880.0,100671500
2024-03-06,3150.204833984375,3900.0,3920.0,3860.0,3870.0,83251500
2024-03-07,3150.204833984375,3900.0,3930.0,3900.0,3900.0,86888100
2024-03-08,3117.89501953125,3860.0,3910.0,3840.0,3900.0,101556500
2024-03-13,3150.204833984375,3900.0,3910.0,3890.0,3910.0,106191400
2024-03-14,3198.669677734375,3960.0,3980.0,3920.0,3930.0,122570700
2024-03-15,3206.7470703125,3970.0,4000.0,3900.0,4000.0,184885900
2024-03-18,3166.35986328125,3920.0,3970.0,3920.0,3960.0,57508300
2024-03-19,3182.5146484375,3940.0,3980.0,3940.0,3980.0,51629700
2024-03-20,3174.437255859375,3930.0,3940.0,3910.0,3910.0,84777400
2024-03-21,3142.127685546875,3890.0,3960.0,3890.0,3930.0,81520900
2024-03-22,3150.204833984375,3900.0,3920.0,3890.0,3900.0,44501700
2024-03-25,3012.888427734375,3730.0,3890.0,3700.0,3890.0,313394400
2024-03-26,2924.036376953125,3620.0,3680.0,3610.0,3680.0,354086400
2024-03-27,2819.029541015625,3490.0,3630.0,3490.0,3610.0,496202800
2024-03-28,2802.87451171875,3470.0,3520.0,3430.0,3470.0,258985200
2024-04-01,2835.1845703125,3510.0,3520.0,3420.0,3480.0,248116300
2024-04-02,2819.029541015625,3490.0,3500.0,3410.0,3460.0,233017700
2024-04-03,2762.487548828125,3420.0,3490.0,3420.0,3450.0,150265700
2024-04-04,2786.7197265625,3450.0,3460.0,3410.0,3410.0,205184000
2024-04-05,2770.56494140625,3430.0,3450.0,3420.0,3440.0,116051700
2024-04-16,2600.938232421875,3220.0,3280.0,3150.0,3260.0,490658200
2024-04-17,2584.783447265625,3200.0,3240.0,3200.0,3220.0,187876400
2024-04-18,2625.1708984375,3250.0,3310.0,3110.0,3190.0,337490100
2024-04-19,2544.396240234375,3150.0,3230.0,3130.0,3230.0,149997000
2024-04-22,2560.55126953125,3170.0,3200.0,3130.0,3150.0,140971800
2024-04-23,2504.00927734375,3100.0,3190.0,3080.0,3180.0,312052300
2024-04-24,2455.54443359375,3040.0,3110.0,3040.0,3100.0,327330800
2024-04-25,2455.54443359375,3040.0,3060.0,2990.0,3010.0,369525200
2024-04-26,2447.466796875,3030.0,3060.0,2960.0,2980.0,442527900
2024-04-29,2487.854248046875,3080.0,3090.0,3010.0,3030.0,172773600
2024-04-30,2560.55126953125,3170.0,3200.0,3110.0,3120.0,273121800
2024-05-02,2520.1640625,3120.0,3200.0,3120.0,3170.0,157637100
2024-05-03,2552.4736328125,3160.0,3180.0,3120.0,3180.0,127945300
2024-05-06,2463.621826171875,3050.0,3200.0,3040.0,3180.0,221330900
2024-05-07,2495.931640625,3090.0,3110.0,3060.0,3070.0,124914600
2024-05-08,2487.854248046875,3080.0,3150.0,3050.0,3130.0,120622600
2024-05-13,2495.931640625,3090.0,3100.0,3040.0,3070.0,133048300
2024-05-14,2520.1640625,3120.0,3120.0,3080.0,3100.0,104126800
2024-05-15,2504.00927734375,3100.0,3130.0,3070.0,3120.0,149143600
2024-05-16,2579.865966796875,3010.0,3050.0,2960.0,2960.0,196239200
2024-05-17,2562.723876953125,2990.0,3050.0,2980.0,3050.0,120345300
2024-05-20,2562.723876953125,2990.0,3000.0,2950.0,2950.0,215877500
2024-05-21,2528.43994140625,2950.0,2990.0,2920.0,2990.0,138864400
2024-05-22,2519.868896484375,2940.0,2980.0,2910.0,2980.0,145109200
2024-05-27,2408.4462890625,2810.0,2920.0,2780.0,2900.0,246979600
2024-05-28,2451.301025390625,2860.0,2880.0,2810.0,2810.0,113093300
2024-05-29,2408.4462890625,2810.0,2860.0,2810.0,2850.0,148952900
2024-05-30,2408.4462890625,2810.0,2870.0,2720.0,2810.0,253471800
2024-05-31,2485.585205078125,2900.0,2920.0,2810.0,2840.0,411324600
2024-06-03,2511.298095703125,2930.0,2970.0,2900.0,2930.0,124570400
2024-06-04,2571.294921875,3000.0,3060.0,2940.0,2980.0,130203100
2024-06-05,2622.720947265625,3060.0,3080.0,3000.0,3000.0,141157300
2024-06-06,2614.14990234375,3050.0,3100.0,3030.0,3100.0,107996900
2024-06-07,2614.14990234375,3050.0,3090.0,3050.0,3050.0,67191100
2024-06-10,2579.865966796875,3010.0,3050.0,2980.0,3050.0,66983900
2024-06-11,2468.443115234375,2880.0,2980.0,2880.0,2960.0,172688100
2024-06-12,2502.72705078125,2920.0,2970.0,2890.0,2890.0,91584500
2024-06-13,2434.1591796875,2840.0,2940.0,2830.0,2940.0,95740000
2024-06-14,2331.307373046875,2720.0,2830.0,2700.0,2820.0,202750500
2024-06-19,2425.58837890625,2830.0,2850.0,2760.0,2780.0,128843500
2024-06-20,2434.1591796875,2840.0,2850.0,2800.0,2850.0,55434800
2024-06-21,2528.43994140625,2950.0,2960.0,2840.0,2850.0,184918000
2024-06-24,2528.43994140625,2950.0,2980.0,2910.0,2930.0,111618800
2024-06-25,2562.723876953125,2990.0,2990.0,2930.0,2950.0,89913400
2024-06-26,2571.294921875,3000.0,3020.0,2980.0,2990.0,73994000
2024-06-27,2597.0078125,3030.0,3030.0,2990.0,3030.0,70154600
2024-06-28,2682.7177734375,3130.0,3140.0,3030.0,3030.0,213539300
2024-07-01,2648.433837890625,3090.0,3130.0,3080.0,3130.0,134082800
2024-07-02,2605.578857421875,3040.0,3090.0,3030.0,3070.0,79024200
2024-07-03,2597.0078125,3030.0,3050.0,3020.0,3040.0,51977100
2024-07-04,2537.010986328125,2960.0,3050.0,2960.0,3000.0,93100500
2024-07-05,2588.436767578125,3020.0,3020.0,2960.0,2970.0,69339200
2024-07-08,2639.86279296875,3080.0,3090.0,3000.0,3040.0,125004600
2024-07-09,2639.86279296875,3080.0,3120.0,3040.0,3050.0,118245600
2024-07-10,2708.4306640625,3160.0,3180.0,3090.0,3090.0,120007400
2024-07-11,2725.57275390625,3180.0,3200.0,3160.0,3200.0,126490000
2024-07-12,2759.8564453125,3220.0,3270.0,3210.0,3230.0,135830300
2024-07-15,2708.4306640625,3160.0,3220.0,3130.0,3220.0,100918500
2024-07-16,2657.0048828125,3100.0,3180.0,3090.0,3180.0,78769700
2024-07-17,2785.569580078125,3250.0,3270.0,3160.0,3190.0,167149300
2024-07-18,2751.28564453125,3210.0,3280.0,3190.0,3260.0,98903500
2024-07-19,2691.28857421875,3140.0,3210.0,3120.0,3200.0,138117200
2024-07-22,2657.0048828125,3100.0,3210.0,3090.0,3180.0,139383000
2024-07-23,2708.4306640625,3160.0,3160.0,3100.0,3140.0,74338000
2024-07-24,2622.720947265625,3060.0,3150.0,3040.0,3140.0,98752100
2024-07-25,2648.433837890625,3090.0,3090.0,3030.0,3080.0,67060000
2024-07-26,2657.0048828125,3100.0,3110.0,3060.0,3110.0,94900300
2024-07-29,2614.14990234375,3050.0,3120.0,3040.0,3090.0,90885600
2024-07-30,2468.443115234375,2880.0,3000.0,2880.0,3000.0,321472800
2024-07-31,2468.443115234375,2880.0,2920.0,2840.0,2880.0,207440800
2024-08-01,2468.443115234375,2880.0,2930.0,2880.0,2890.0,121021800
2024-08-02,2442.730224609375,2850.0,2880.0,2820.0,2880.0,105816800
2024-08-05,2391.30419921875,2790.0,2830.0,2760.0,2820.0,105246400
2024-08-06,2391.30419921875,2790.0,2840.0,2790.0,2800.0,98524200
2024-08-07,2417.017333984375,2820.0,2840.0,2790.0,2800.0,77263000
2024-08-08,2442.730224609375,2850.0,2880.0,2800.0,2800.0,99533000
2024-08-09,2425.58837890625,2830.0,2880.0,2830.0,2860.0,80800300
2024-08-12,2459.8720703125,2870.0,2910.0,2840.0,2850.0,62746600
2024-08-13,2442.730224609375,2850.0,2900.0,2840.0,2900.0,82063600
2024-08-14,2451.301025390625,2860.0,2890.0,2850.0,2850.0,70188800
2024-08-15,2459.8720703125,2870.0,2880.0,2820.0,2870.0,79724100
2024-08-16,2537.010986328125,2960.0,2990.0,2900.0,2910.0,207060000
2024-08-19,2511.298095703125,2930.0,2970.0,2910.0,2960.0,68692700
2024-08-20,2554.153076171875,2980.0,3000.0,2960.0,2990.0,100434600
2024-08-21,2545.58203125,2970.0,3010.0,2960.0,2980.0,111842200
2024-08-22,2502.72705078125,2920.0,2970.0,2920.0,2940.0,90336300
2024-08-23,2528.43994140625,2950.0,3010.0,2950.0,2970.0,86092500
2024-08-26,2554.153076171875,2980.0,2990.0,2930.0,2940.0,88941900
2024-08-27,2562.723876953125,2990.0,3000.0,2950.0,2990.0,71223800
2024-08-28,2554.153076171875,2980.0,3000.0,2960.0,3000.0,68736300
2024-08-29,2597.0078125,3030.0,3080.0,2980.0,2980.0,160714800
2024-08-30,2622.720947265625,3060.0,3070.0,3010.0,3030.0,195809000
2024-09-02,2691.28857421875,3140.0,3150.0,3080.0,3090.0,118928500
2024-09-03,2639.86279296875,3080.0,3150.0,3080.0,3140.0,82172000
2024-09-04,2639.86279296875,3080.0,3100.0,3040.0,3060.0,81041700
2024-09-05,2588.436767578125,3020.0,3090.0,3020.0,3080.0,78989400
2024-09-06,2605.578857421875,3040.0,3050.0,3010.0,3010.0,82391200
2024-09-09,2597.0078125,3030.0,3080.0,3000.0,3050.0,69264400
2024-09-10,2597.0078125,3030.0,3060.0,3020.0,3060.0,46436100
2024-09-11,2605.578857421875,3040.0,3050.0,3020.0,3030.0,62899600
2024-09-12,2614.14990234375,3050.0,3070.0,3050.0,3060.0,85785000
2024-09-13,2665.57568359375,3110.0,3120.0,3070.0,3080.0,125032200
2024-09-17,2648.433837890625,3090.0,3130.0,3080.0,3120.0,56181000
2024-09-18,2674.146728515625,3120.0,3130.0,3100.0,3120.0,87120700
2024-09-19,2691.28857421875,3140.0,3150.0,3120.0,3140.0,130418300
2024-09-20,2699.859619140625,3150.0,3170.0,3120.0,3150.0,152477400
2024-09-23,2717.001708984375,3170.0,3180.0,3130.0,3150.0,82274400
2024-09-24,2708.4306640625,3160.0,3180.0,3150.0,3180.0,92256900
2024-09-25,2734.1435546875,3190.0,3190.0,3060.0,3100.0,215241700
2024-09-26,2717.001708984375,3170.0,3180.0,3120.0,3170.0,120042500
2024-09-27,2614.14990234375,3050.0,3140.0,3010.0,3130.0,291217300
2024-09-30,2562.723876953125,2990.0,3030.0,2990.0,3030.0,150844800
2024-10-01,2588.436767578125,3020.0,3040.0,2990.0,2990.0,77208500
2024-10-02,2502.72705078125,2920.0,2980.0,2920.0,2950.0,124629400
2024-10-03,2477.01416015625,2890.0,2950.0,2890.0,2950.0,92510900
2024-10-04,2468.443115234375,2880.0,2930.0,2860.0,2900.0,76757200
2024-10-07,2485.585205078125,2900.0,2910.0,2870.0,2910.0,84507100
2024-10-08,2562.723876953125,2990.0,2990.0,2870.0,2890.0,135357200
2024-10-09,2537.010986328125,2960.0,3010.0,2960.0,2980.0,69435900
2024-10-10,2528.43994140625,2950.0,2980.0,2940.0,2960.0,57867000
2024-10-11,2519.868896484375,2940.0,3000.0,2920.0,3000.0,40454300
2024-10-14,2485.585205078125,2900.0,2970.0,2900.0,2930.0,66631500
2024-10-15,2519.868896484375,2940.0,2970.0,2910.0,2920.0,74529600
2024-10-16,2571.294921875,3000.0,3000.0,2930.0,2970.0,163988000
2024-10-17,2605.578857421875,3040.0,3060.0,2980.0,3000.0,107040100
2024-10-18,2657.0048828125,3100.0,3130.0,3040.0,3050.0,138783600
2024-10-21,2657.0048828125,3100.0,3130.0,3060.0,3100.0,92240300
2024-10-22,2579.865966796875,3010.0,3070.0,3010.0,3060.0,93662500
2024-10-23,2519.868896484375,2940.0,2980.0,2930.0,2940.0,99423700
2024-10-24,2485.585205078125,2900.0,2960.0,2900.0,2940.0,72559000
2024-10-25,2494.156005859375,2910.0,2950.0,2900.0,2900.0,50694200
2024-10-28,2502.72705078125,2920.0,2940.0,2900.0,2920.0,38720700
2024-10-29,2485.585205078125,2900.0,2930.0,2880.0,2910.0,67727500
2024-10-30,2485.585205078125,2900.0,2900.0,2850.0,2880.0,123573100
2024-10-31,2417.017333984375,2820.0,2870.0,2820.0,2860.0,139590300
2024-11-01,2382.733154296875,2780.0,2840.0,2760.0,2820.0,99364500
2024-11-04,2399.875244140625,2800.0,2810.0,2750.0,2780.0,63112300
2024-11-05,2374.162353515625,2770.0,2810.0,2730.0,2800.0,96721100
2024-11-06,2348.449462890625,2740.0,2800.0,2740.0,2780.0,66808900
2024-11-07,2365.59130859375,2760.0,2790.0,2740.0,2760.0,79485800
2024-11-08,2357.0205078125,2750.0,2780.0,2750.0,2760.0,66113200
2024-11-11,2305.594482421875,2690.0,2730.0,2650.0,2720.0,108153500
2024-11-12,2228.455810546875,2600.0,2670.0,2600.0,2660.0,215910600
2024-11-13,2211.313720703125,2580.0,2630.0,2570.0,2610.0,142812600
2024-11-14,2168.458740234375,2530.0,2590.0,2530.0,2550.0,185269500
2024-11-15,2177.029541015625,2540.0,2580.0,2500.0,2500.0,103680400
2024-11-18,2219.884765625,2590.0,2610.0,2520.0,2540.0,119481300
2024-11-19,2382.733154296875,2780.0,2850.0,2590.0,2610.0,275670300
2024-11-20,2297.023681640625,2680.0,2750.0,2640.0,2740.0,150242900
2024-11-21,2374.162353515625,2770.0,2810.0,2680.0,2680.0,128294600
2024-11-22,2357.0205078125,2750.0,2790.0,2720.0,2750.0,135265300
2024-11-25,2348.449462890625,2740.0,2780.0,2720.0,2740.0,358617100
2024-11-26,2322.736328125,2710.0,2800.0,2680.0,2770.0,106721000
2024-11-28,2331.307373046875,2720.0,2750.0,2680.0,2680.0,102808400
2024-11-29,2322.736328125,2710.0,2760.0,2700.0,2700.0,103162000
2024-12-02,2297.023681640625,2680.0,2730.0,2680.0,2720.0,66025900
2024-12-03,2417.017333984375,2820.0,2830.0,2710.0,2760.0,167603900
2024-12-04,2434.1591796875,2840.0,2850.0,2800.0,2820.0,83412800
2024-12-05,2374.162353515625,2770.0,2840.0,2730.0,2840.0,96025400
2024-12-06,2365.59130859375,2760.0,2780.0,2740.0,2740.0,48179800
2024-12-09,2348.449462890625,2740.0,2770.0,2730.0,2760.0,63671900
2024-12-10,2374.162353515625,2770.0,2830.0,2750.0,2770.0,124138200
2024-12-11,2451.301025390625,2860.0,2880.0,2770.0,2770.0,140611400
2024-12-12,2417.017333984375,2820.0,2850.0,2780.0,2830.0,66977700
2024-12-13,2391.30419921875,2790.0,2790.0,2750.0,2770.0,77540100
2024-12-16,2279.881591796875,2660.0,2760.0,2650.0,2760.0,147655600
2024-12-17,2245.597412109375,2620.0,2650.0,2600.0,2630.0,113785500
2024-12-18,2202.74267578125,2570.0,2660.0,2570.0,2620.0,79565300
2024-12-19,2168.458740234375,2530.0,2560.0,2500.0,2510.0,123504200
2024-12-20,2185.6005859375,2550.0,2570.0,2520.0,2530.0,110308800
2024-12-23,2271.310546875,2650.0,2670.0,2580.0,2580.0,72113700
2024-12-24,2348.449462890625,2740.0,2750.0,2620.0,2680.0,117582400
2024-12-27,2357.0205078125,2750.0,2800.0,2710.0,2770.0,92727600
2024-12-30,2322.736328125,2710.0,2760.0,2700.0,2720.0,74279200
